E:\Code\LibFew-shot\dataset\MSTAR\train\ZSU_23_4\1373.jpeg,4
E:\Code\LibFew-shot\dataset\MSTAR\train\T62\598.jpeg,2
E:\Code\LibFew-shot\dataset\MSTAR\train\BMP2(SN_9566)\78.jpeg,0
E:\Code\LibFew-shot\dataset\MSTAR\train\ZIL131\888.jpeg,3
E:\Code\LibFew-shot\dataset\MSTAR\train\T62\772.jpeg,2
E:\Code\LibFew-shot\dataset\MSTAR\train\ZSU_23_4\1335.jpeg,4
E:\Code\LibFew-shot\dataset\MSTAR\train\T62\553.jpeg,2
E:\Code\LibFew-shot\dataset\MSTAR\train\BMP2(SN_9566)\39.jpeg,0
E:\Code\LibFew-shot\dataset\MSTAR\train\ZSU_23_4\1218.jpeg,4
E:\Code\LibFew-shot\dataset\MSTAR\train\ZSU_23_4\1384.jpeg,4
E:\Code\LibFew-shot\dataset\MSTAR\train\BTR_60\455.jpeg,1
E:\Code\LibFew-shot\dataset\MSTAR\train\ZSU_23_4\1321.jpeg,4
E:\Code\LibFew-shot\dataset\MSTAR\train\ZIL131\802.jpeg,3
E:\Code\LibFew-shot\dataset\MSTAR\train\BTR_60\272.jpeg,1
E:\Code\LibFew-shot\dataset\MSTAR\train\BMP2(SN_9566)\24.jpeg,0
E:\Code\LibFew-shot\dataset\MSTAR\train\ZIL131\878.jpeg,3
E:\Code\LibFew-shot\dataset\MSTAR\train\ZSU_23_4\1097.jpeg,4
E:\Code\LibFew-shot\dataset\MSTAR\train\ZSU_23_4\1372.jpeg,4
E:\Code\LibFew-shot\dataset\MSTAR\train\ZIL131\906.jpeg,3
E:\Code\LibFew-shot\dataset\MSTAR\train\ZSU_23_4\1138.jpeg,4
E:\Code\LibFew-shot\dataset\MSTAR\train\BMP2(SN_9566)\164.jpeg,0
E:\Code\LibFew-shot\dataset\MSTAR\train\T62\665.jpeg,2
E:\Code\LibFew-shot\dataset\MSTAR\train\BTR_60\424.jpeg,1
E:\Code\LibFew-shot\dataset\MSTAR\train\ZIL131\918.jpeg,3
E:\Code\LibFew-shot\dataset\MSTAR\train\BMP2(SN_9566)\231.jpeg,0
E:\Code\LibFew-shot\dataset\MSTAR\train\ZIL131\970.jpeg,3
E:\Code\LibFew-shot\dataset\MSTAR\train\ZSU_23_4\1166.jpeg,4
E:\Code\LibFew-shot\dataset\MSTAR\train\ZIL131\934.jpeg,3
E:\Code\LibFew-shot\dataset\MSTAR\train\ZIL131\1041.jpeg,3
E:\Code\LibFew-shot\dataset\MSTAR\train\ZIL131\809.jpeg,3
E:\Code\LibFew-shot\dataset\MSTAR\train\BMP2(SN_9566)\159.jpeg,0
E:\Code\LibFew-shot\dataset\MSTAR\train\T62\577.jpeg,2
E:\Code\LibFew-shot\dataset\MSTAR\train\BTR_60\282.jpeg,1
E:\Code\LibFew-shot\dataset\MSTAR\train\ZIL131\790.jpeg,3
E:\Code\LibFew-shot\dataset\MSTAR\train\ZIL131\992.jpeg,3
E:\Code\LibFew-shot\dataset\MSTAR\train\BMP2(SN_9566)\84.jpeg,0
E:\Code\LibFew-shot\dataset\MSTAR\train\ZSU_23_4\1095.jpeg,4
E:\Code\LibFew-shot\dataset\MSTAR\train\T62\777.jpeg,2
E:\Code\LibFew-shot\dataset\MSTAR\train\ZSU_23_4\1192.jpeg,4
E:\Code\LibFew-shot\dataset\MSTAR\train\T62\488.jpeg,2
E:\Code\LibFew-shot\dataset\MSTAR\train\ZIL131\846.jpeg,3
E:\Code\LibFew-shot\dataset\MSTAR\train\ZSU_23_4\1163.jpeg,4
E:\Code\LibFew-shot\dataset\MSTAR\train\ZIL131\972.jpeg,3
E:\Code\LibFew-shot\dataset\MSTAR\train\BMP2(SN_9566)\193.jpeg,0
E:\Code\LibFew-shot\dataset\MSTAR\train\ZIL131\901.jpeg,3
E:\Code\LibFew-shot\dataset\MSTAR\train\BMP2(SN_9566)\145.jpeg,0
E:\Code\LibFew-shot\dataset\MSTAR\train\T62\699.jpeg,2
E:\Code\LibFew-shot\dataset\MSTAR\train\BTR_60\314.jpeg,1
E:\Code\LibFew-shot\dataset\MSTAR\train\ZIL131\903.jpeg,3
E:\Code\LibFew-shot\dataset\MSTAR\train\ZSU_23_4\1363.jpeg,4
E:\Code\LibFew-shot\dataset\MSTAR\train\ZSU_23_4\1340.jpeg,4
E:\Code\LibFew-shot\dataset\MSTAR\train\BMP2(SN_9566)\228.jpeg,0
E:\Code\LibFew-shot\dataset\MSTAR\train\T62\535.jpeg,2
E:\Code\LibFew-shot\dataset\MSTAR\train\BMP2(SN_9566)\160.jpeg,0
E:\Code\LibFew-shot\dataset\MSTAR\train\ZIL131\1034.jpeg,3
E:\Code\LibFew-shot\dataset\MSTAR\train\ZIL131\1061.jpeg,3
E:\Code\LibFew-shot\dataset\MSTAR\train\ZSU_23_4\1186.jpeg,4
E:\Code\LibFew-shot\dataset\MSTAR\train\T62\645.jpeg,2
E:\Code\LibFew-shot\dataset\MSTAR\train\ZSU_23_4\1190.jpeg,4
E:\Code\LibFew-shot\dataset\MSTAR\train\ZIL131\817.jpeg,3
E:\Code\LibFew-shot\dataset\MSTAR\train\ZIL131\1036.jpeg,3
E:\Code\LibFew-shot\dataset\MSTAR\train\ZSU_23_4\1142.jpeg,4
E:\Code\LibFew-shot\dataset\MSTAR\train\BMP2(SN_9566)\11.jpeg,0
E:\Code\LibFew-shot\dataset\MSTAR\train\ZSU_23_4\1150.jpeg,4
E:\Code\LibFew-shot\dataset\MSTAR\train\T62\568.jpeg,2
E:\Code\LibFew-shot\dataset\MSTAR\train\BTR_60\403.jpeg,1
E:\Code\LibFew-shot\dataset\MSTAR\train\BMP2(SN_9566)\37.jpeg,0
E:\Code\LibFew-shot\dataset\MSTAR\train\ZSU_23_4\1199.jpeg,4
E:\Code\LibFew-shot\dataset\MSTAR\train\ZIL131\873.jpeg,3
E:\Code\LibFew-shot\dataset\MSTAR\train\BTR_60\360.jpeg,1
E:\Code\LibFew-shot\dataset\MSTAR\train\ZSU_23_4\1159.jpeg,4
E:\Code\LibFew-shot\dataset\MSTAR\train\BTR_60\405.jpeg,1
E:\Code\LibFew-shot\dataset\MSTAR\train\ZSU_23_4\1171.jpeg,4
E:\Code\LibFew-shot\dataset\MSTAR\train\ZIL131\892.jpeg,3
E:\Code\LibFew-shot\dataset\MSTAR\train\ZIL131\1032.jpeg,3
E:\Code\LibFew-shot\dataset\MSTAR\train\BMP2(SN_9566)\192.jpeg,0
E:\Code\LibFew-shot\dataset\MSTAR\train\ZSU_23_4\1326.jpeg,4
E:\Code\LibFew-shot\dataset\MSTAR\train\ZIL131\827.jpeg,3
E:\Code\LibFew-shot\dataset\MSTAR\train\ZIL131\857.jpeg,3
E:\Code\LibFew-shot\dataset\MSTAR\train\T62\498.jpeg,2
E:\Code\LibFew-shot\dataset\MSTAR\train\BTR_60\453.jpeg,1
E:\Code\LibFew-shot\dataset\MSTAR\train\BMP2(SN_9566)\30.jpeg,0
E:\Code\LibFew-shot\dataset\MSTAR\train\BMP2(SN_9566)\165.jpeg,0
E:\Code\LibFew-shot\dataset\MSTAR\train\BMP2(SN_9566)\207.jpeg,0
E:\Code\LibFew-shot\dataset\MSTAR\train\ZSU_23_4\1304.jpeg,4
E:\Code\LibFew-shot\dataset\MSTAR\train\ZIL131\1029.jpeg,3
E:\Code\LibFew-shot\dataset\MSTAR\train\ZSU_23_4\1160.jpeg,4
E:\Code\LibFew-shot\dataset\MSTAR\train\ZSU_23_4\1105.jpeg,4
E:\Code\LibFew-shot\dataset\MSTAR\train\T62\670.jpeg,2
E:\Code\LibFew-shot\dataset\MSTAR\train\ZIL131\799.jpeg,3
E:\Code\LibFew-shot\dataset\MSTAR\train\ZIL131\1065.jpeg,3
E:\Code\LibFew-shot\dataset\MSTAR\train\ZSU_23_4\1180.jpeg,4
E:\Code\LibFew-shot\dataset\MSTAR\train\BMP2(SN_9566)\72.jpeg,0
E:\Code\LibFew-shot\dataset\MSTAR\train\BMP2(SN_9566)\134.jpeg,0
E:\Code\LibFew-shot\dataset\MSTAR\train\T62\679.jpeg,2
E:\Code\LibFew-shot\dataset\MSTAR\train\ZIL131\954.jpeg,3
E:\Code\LibFew-shot\dataset\MSTAR\train\ZIL131\1020.jpeg,3
E:\Code\LibFew-shot\dataset\MSTAR\train\ZSU_23_4\1243.jpeg,4
E:\Code\LibFew-shot\dataset\MSTAR\train\ZIL131\924.jpeg,3
E:\Code\LibFew-shot\dataset\MSTAR\train\ZSU_23_4\1281.jpeg,4
E:\Code\LibFew-shot\dataset\MSTAR\train\T62\618.jpeg,2
E:\Code\LibFew-shot\dataset\MSTAR\train\ZSU_23_4\1122.jpeg,4
E:\Code\LibFew-shot\dataset\MSTAR\train\BMP2(SN_9566)\116.jpeg,0
E:\Code\LibFew-shot\dataset\MSTAR\train\ZIL131\1008.jpeg,3
E:\Code\LibFew-shot\dataset\MSTAR\train\BTR_60\277.jpeg,1
E:\Code\LibFew-shot\dataset\MSTAR\train\BTR_60\344.jpeg,1
E:\Code\LibFew-shot\dataset\MSTAR\train\T62\767.jpeg,2
E:\Code\LibFew-shot\dataset\MSTAR\train\BMP2(SN_9566)\81.jpeg,0
E:\Code\LibFew-shot\dataset\MSTAR\train\T62\671.jpeg,2
E:\Code\LibFew-shot\dataset\MSTAR\train\ZSU_23_4\1299.jpeg,4
E:\Code\LibFew-shot\dataset\MSTAR\train\T62\786.jpeg,2
E:\Code\LibFew-shot\dataset\MSTAR\train\ZIL131\867.jpeg,3
E:\Code\LibFew-shot\dataset\MSTAR\train\T62\509.jpeg,2
E:\Code\LibFew-shot\dataset\MSTAR\train\ZSU_23_4\1334.jpeg,4
E:\Code\LibFew-shot\dataset\MSTAR\train\BTR_60\266.jpeg,1
E:\Code\LibFew-shot\dataset\MSTAR\train\ZIL131\838.jpeg,3
E:\Code\LibFew-shot\dataset\MSTAR\train\ZSU_23_4\1257.jpeg,4
E:\Code\LibFew-shot\dataset\MSTAR\train\ZSU_23_4\1209.jpeg,4
E:\Code\LibFew-shot\dataset\MSTAR\train\ZIL131\1084.jpeg,3
E:\Code\LibFew-shot\dataset\MSTAR\train\BTR_60\387.jpeg,1
E:\Code\LibFew-shot\dataset\MSTAR\train\BTR_60\233.jpeg,1
E:\Code\LibFew-shot\dataset\MSTAR\train\BTR_60\433.jpeg,1
E:\Code\LibFew-shot\dataset\MSTAR\train\ZSU_23_4\1118.jpeg,4
E:\Code\LibFew-shot\dataset\MSTAR\train\ZIL131\854.jpeg,3
E:\Code\LibFew-shot\dataset\MSTAR\train\T62\621.jpeg,2
E:\Code\LibFew-shot\dataset\MSTAR\train\BMP2(SN_9566)\216.jpeg,0
E:\Code\LibFew-shot\dataset\MSTAR\train\T62\602.jpeg,2
E:\Code\LibFew-shot\dataset\MSTAR\train\ZSU_23_4\1379.jpeg,4
E:\Code\LibFew-shot\dataset\MSTAR\train\BMP2(SN_9566)\52.jpeg,0
E:\Code\LibFew-shot\dataset\MSTAR\train\ZIL131\872.jpeg,3
E:\Code\LibFew-shot\dataset\MSTAR\train\T62\664.jpeg,2
E:\Code\LibFew-shot\dataset\MSTAR\train\ZSU_23_4\1331.jpeg,4
E:\Code\LibFew-shot\dataset\MSTAR\train\ZIL131\797.jpeg,3
E:\Code\LibFew-shot\dataset\MSTAR\train\ZIL131\860.jpeg,3
E:\Code\LibFew-shot\dataset\MSTAR\train\ZSU_23_4\1310.jpeg,4
E:\Code\LibFew-shot\dataset\MSTAR\train\T62\589.jpeg,2
E:\Code\LibFew-shot\dataset\MSTAR\train\ZIL131\923.jpeg,3
E:\Code\LibFew-shot\dataset\MSTAR\train\BTR_60\321.jpeg,1
E:\Code\LibFew-shot\dataset\MSTAR\train\ZIL131\966.jpeg,3
E:\Code\LibFew-shot\dataset\MSTAR\train\BTR_60\235.jpeg,1
E:\Code\LibFew-shot\dataset\MSTAR\train\ZIL131\1035.jpeg,3
E:\Code\LibFew-shot\dataset\MSTAR\train\ZIL131\1021.jpeg,3
E:\Code\LibFew-shot\dataset\MSTAR\train\ZIL131\852.jpeg,3
E:\Code\LibFew-shot\dataset\MSTAR\train\T62\711.jpeg,2
E:\Code\LibFew-shot\dataset\MSTAR\train\ZSU_23_4\1254.jpeg,4
E:\Code\LibFew-shot\dataset\MSTAR\train\ZIL131\1048.jpeg,3
E:\Code\LibFew-shot\dataset\MSTAR\train\BTR_60\343.jpeg,1
E:\Code\LibFew-shot\dataset\MSTAR\train\ZSU_23_4\1285.jpeg,4
E:\Code\LibFew-shot\dataset\MSTAR\train\ZSU_23_4\1194.jpeg,4
E:\Code\LibFew-shot\dataset\MSTAR\train\BTR_60\458.jpeg,1
E:\Code\LibFew-shot\dataset\MSTAR\train\BMP2(SN_9566)\198.jpeg,0
E:\Code\LibFew-shot\dataset\MSTAR\train\BMP2(SN_9566)\180.jpeg,0
E:\Code\LibFew-shot\dataset\MSTAR\train\BTR_60\293.jpeg,1
E:\Code\LibFew-shot\dataset\MSTAR\train\ZIL131\871.jpeg,3
E:\Code\LibFew-shot\dataset\MSTAR\train\BMP2(SN_9566)\184.jpeg,0
E:\Code\LibFew-shot\dataset\MSTAR\train\ZIL131\969.jpeg,3
E:\Code\LibFew-shot\dataset\MSTAR\train\ZSU_23_4\1091.jpeg,4
E:\Code\LibFew-shot\dataset\MSTAR\train\T62\593.jpeg,2
E:\Code\LibFew-shot\dataset\MSTAR\train\ZSU_23_4\1301.jpeg,4
E:\Code\LibFew-shot\dataset\MSTAR\train\BTR_60\483.jpeg,1
E:\Code\LibFew-shot\dataset\MSTAR\train\ZIL131\997.jpeg,3
E:\Code\LibFew-shot\dataset\MSTAR\train\BTR_60\443.jpeg,1
E:\Code\LibFew-shot\dataset\MSTAR\train\T62\595.jpeg,2
E:\Code\LibFew-shot\dataset\MSTAR\train\T62\551.jpeg,2
E:\Code\LibFew-shot\dataset\MSTAR\train\ZIL131\861.jpeg,3
E:\Code\LibFew-shot\dataset\MSTAR\train\BMP2(SN_9566)\182.jpeg,0
E:\Code\LibFew-shot\dataset\MSTAR\train\BTR_60\326.jpeg,1
E:\Code\LibFew-shot\dataset\MSTAR\train\BMP2(SN_9566)\65.jpeg,0
E:\Code\LibFew-shot\dataset\MSTAR\train\BTR_60\333.jpeg,1
E:\Code\LibFew-shot\dataset\MSTAR\train\T62\782.jpeg,2
E:\Code\LibFew-shot\dataset\MSTAR\train\BMP2(SN_9566)\174.jpeg,0
E:\Code\LibFew-shot\dataset\MSTAR\train\ZIL131\1037.jpeg,3
E:\Code\LibFew-shot\dataset\MSTAR\train\ZIL131\1077.jpeg,3
E:\Code\LibFew-shot\dataset\MSTAR\train\T62\587.jpeg,2
E:\Code\LibFew-shot\dataset\MSTAR\train\ZSU_23_4\1305.jpeg,4
E:\Code\LibFew-shot\dataset\MSTAR\train\ZSU_23_4\1188.jpeg,4
E:\Code\LibFew-shot\dataset\MSTAR\train\BTR_60\440.jpeg,1
E:\Code\LibFew-shot\dataset\MSTAR\train\BTR_60\487.jpeg,1
E:\Code\LibFew-shot\dataset\MSTAR\train\ZSU_23_4\1148.jpeg,4
E:\Code\LibFew-shot\dataset\MSTAR\train\ZIL131\874.jpeg,3
E:\Code\LibFew-shot\dataset\MSTAR\train\T62\651.jpeg,2
E:\Code\LibFew-shot\dataset\MSTAR\train\BTR_60\291.jpeg,1
E:\Code\LibFew-shot\dataset\MSTAR\train\ZIL131\789.jpeg,3
E:\Code\LibFew-shot\dataset\MSTAR\train\BTR_60\476.jpeg,1
E:\Code\LibFew-shot\dataset\MSTAR\train\BTR_60\431.jpeg,1
E:\Code\LibFew-shot\dataset\MSTAR\train\ZIL131\1050.jpeg,3
E:\Code\LibFew-shot\dataset\MSTAR\train\ZSU_23_4\1115.jpeg,4
E:\Code\LibFew-shot\dataset\MSTAR\train\BTR_60\253.jpeg,1
E:\Code\LibFew-shot\dataset\MSTAR\train\ZSU_23_4\1269.jpeg,4
E:\Code\LibFew-shot\dataset\MSTAR\train\ZSU_23_4\1100.jpeg,4
E:\Code\LibFew-shot\dataset\MSTAR\train\BTR_60\367.jpeg,1
E:\Code\LibFew-shot\dataset\MSTAR\train\BTR_60\452.jpeg,1
E:\Code\LibFew-shot\dataset\MSTAR\train\BTR_60\234.jpeg,1
E:\Code\LibFew-shot\dataset\MSTAR\train\T62\707.jpeg,2
E:\Code\LibFew-shot\dataset\MSTAR\train\BTR_60\430.jpeg,1
E:\Code\LibFew-shot\dataset\MSTAR\train\T62\518.jpeg,2
E:\Code\LibFew-shot\dataset\MSTAR\train\BTR_60\400.jpeg,1
E:\Code\LibFew-shot\dataset\MSTAR\train\ZSU_23_4\1093.jpeg,4
E:\Code\LibFew-shot\dataset\MSTAR\train\T62\721.jpeg,2
E:\Code\LibFew-shot\dataset\MSTAR\train\T62\610.jpeg,2
E:\Code\LibFew-shot\dataset\MSTAR\train\BMP2(SN_9566)\208.jpeg,0
E:\Code\LibFew-shot\dataset\MSTAR\train\BMP2(SN_9566)\34.jpeg,0
E:\Code\LibFew-shot\dataset\MSTAR\train\ZIL131\915.jpeg,3
E:\Code\LibFew-shot\dataset\MSTAR\train\BMP2(SN_9566)\189.jpeg,0
E:\Code\LibFew-shot\dataset\MSTAR\train\T62\759.jpeg,2
E:\Code\LibFew-shot\dataset\MSTAR\train\ZSU_23_4\1181.jpeg,4
E:\Code\LibFew-shot\dataset\MSTAR\train\ZIL131\941.jpeg,3
E:\Code\LibFew-shot\dataset\MSTAR\train\ZIL131\1042.jpeg,3
E:\Code\LibFew-shot\dataset\MSTAR\train\ZSU_23_4\1344.jpeg,4
E:\Code\LibFew-shot\dataset\MSTAR\train\ZIL131\1016.jpeg,3
E:\Code\LibFew-shot\dataset\MSTAR\train\BTR_60\286.jpeg,1
E:\Code\LibFew-shot\dataset\MSTAR\train\T62\724.jpeg,2
E:\Code\LibFew-shot\dataset\MSTAR\train\ZSU_23_4\1099.jpeg,4
E:\Code\LibFew-shot\dataset\MSTAR\train\T62\594.jpeg,2
E:\Code\LibFew-shot\dataset\MSTAR\train\ZSU_23_4\1090.jpeg,4
E:\Code\LibFew-shot\dataset\MSTAR\train\T62\582.jpeg,2
E:\Code\LibFew-shot\dataset\MSTAR\train\ZIL131\955.jpeg,3
E:\Code\LibFew-shot\dataset\MSTAR\train\BMP2(SN_9566)\23.jpeg,0
E:\Code\LibFew-shot\dataset\MSTAR\train\T62\542.jpeg,2
E:\Code\LibFew-shot\dataset\MSTAR\train\ZSU_23_4\1232.jpeg,4
E:\Code\LibFew-shot\dataset\MSTAR\train\BMP2(SN_9566)\144.jpeg,0
E:\Code\LibFew-shot\dataset\MSTAR\train\ZIL131\1074.jpeg,3
E:\Code\LibFew-shot\dataset\MSTAR\train\T62\606.jpeg,2
E:\Code\LibFew-shot\dataset\MSTAR\train\T62\558.jpeg,2
E:\Code\LibFew-shot\dataset\MSTAR\train\T62\528.jpeg,2
E:\Code\LibFew-shot\dataset\MSTAR\train\BMP2(SN_9566)\169.jpeg,0
E:\Code\LibFew-shot\dataset\MSTAR\train\T62\538.jpeg,2
E:\Code\LibFew-shot\dataset\MSTAR\train\T62\780.jpeg,2
E:\Code\LibFew-shot\dataset\MSTAR\train\BTR_60\448.jpeg,1
E:\Code\LibFew-shot\dataset\MSTAR\train\BTR_60\467.jpeg,1
E:\Code\LibFew-shot\dataset\MSTAR\train\T62\611.jpeg,2
E:\Code\LibFew-shot\dataset\MSTAR\train\ZSU_23_4\1374.jpeg,4
E:\Code\LibFew-shot\dataset\MSTAR\train\ZIL131\832.jpeg,3
E:\Code\LibFew-shot\dataset\MSTAR\train\T62\783.jpeg,2
E:\Code\LibFew-shot\dataset\MSTAR\train\BMP2(SN_9566)\108.jpeg,0
E:\Code\LibFew-shot\dataset\MSTAR\train\BMP2(SN_9566)\127.jpeg,0
E:\Code\LibFew-shot\dataset\MSTAR\train\BMP2(SN_9566)\147.jpeg,0
E:\Code\LibFew-shot\dataset\MSTAR\train\ZIL131\926.jpeg,3
E:\Code\LibFew-shot\dataset\MSTAR\train\BTR_60\371.jpeg,1
E:\Code\LibFew-shot\dataset\MSTAR\train\BMP2(SN_9566)\132.jpeg,0
E:\Code\LibFew-shot\dataset\MSTAR\train\BMP2(SN_9566)\190.jpeg,0
E:\Code\LibFew-shot\dataset\MSTAR\train\ZSU_23_4\1223.jpeg,4
E:\Code\LibFew-shot\dataset\MSTAR\train\BTR_60\361.jpeg,1
E:\Code\LibFew-shot\dataset\MSTAR\train\ZSU_23_4\1313.jpeg,4
E:\Code\LibFew-shot\dataset\MSTAR\train\ZSU_23_4\1111.jpeg,4
E:\Code\LibFew-shot\dataset\MSTAR\train\ZSU_23_4\1276.jpeg,4
E:\Code\LibFew-shot\dataset\MSTAR\train\ZSU_23_4\1284.jpeg,4
E:\Code\LibFew-shot\dataset\MSTAR\train\BTR_60\362.jpeg,1
E:\Code\LibFew-shot\dataset\MSTAR\train\ZIL131\908.jpeg,3
E:\Code\LibFew-shot\dataset\MSTAR\train\BMP2(SN_9566)\96.jpeg,0
E:\Code\LibFew-shot\dataset\MSTAR\train\ZSU_23_4\1308.jpeg,4
E:\Code\LibFew-shot\dataset\MSTAR\train\T62\560.jpeg,2
E:\Code\LibFew-shot\dataset\MSTAR\train\BMP2(SN_9566)\82.jpeg,0
E:\Code\LibFew-shot\dataset\MSTAR\train\T62\529.jpeg,2
E:\Code\LibFew-shot\dataset\MSTAR\train\ZSU_23_4\1208.jpeg,4
E:\Code\LibFew-shot\dataset\MSTAR\train\T62\744.jpeg,2
E:\Code\LibFew-shot\dataset\MSTAR\train\BTR_60\411.jpeg,1
E:\Code\LibFew-shot\dataset\MSTAR\train\ZIL131\1082.jpeg,3
E:\Code\LibFew-shot\dataset\MSTAR\train\ZSU_23_4\1123.jpeg,4
E:\Code\LibFew-shot\dataset\MSTAR\train\T62\681.jpeg,2
E:\Code\LibFew-shot\dataset\MSTAR\train\ZIL131\788.jpeg,3
E:\Code\LibFew-shot\dataset\MSTAR\train\BMP2(SN_9566)\76.jpeg,0
E:\Code\LibFew-shot\dataset\MSTAR\train\T62\754.jpeg,2
E:\Code\LibFew-shot\dataset\MSTAR\train\ZIL131\989.jpeg,3
E:\Code\LibFew-shot\dataset\MSTAR\train\BTR_60\275.jpeg,1
E:\Code\LibFew-shot\dataset\MSTAR\train\BMP2(SN_9566)\211.jpeg,0
E:\Code\LibFew-shot\dataset\MSTAR\train\ZIL131\876.jpeg,3
E:\Code\LibFew-shot\dataset\MSTAR\train\BTR_60\486.jpeg,1
E:\Code\LibFew-shot\dataset\MSTAR\train\BTR_60\336.jpeg,1
E:\Code\LibFew-shot\dataset\MSTAR\train\BMP2(SN_9566)\202.jpeg,0
E:\Code\LibFew-shot\dataset\MSTAR\train\ZSU_23_4\1348.jpeg,4
E:\Code\LibFew-shot\dataset\MSTAR\train\ZSU_23_4\1325.jpeg,4
E:\Code\LibFew-shot\dataset\MSTAR\train\ZIL131\885.jpeg,3
E:\Code\LibFew-shot\dataset\MSTAR\train\ZIL131\835.jpeg,3
E:\Code\LibFew-shot\dataset\MSTAR\train\ZSU_23_4\1367.jpeg,4
E:\Code\LibFew-shot\dataset\MSTAR\train\ZIL131\1018.jpeg,3
E:\Code\LibFew-shot\dataset\MSTAR\train\ZSU_23_4\1283.jpeg,4
E:\Code\LibFew-shot\dataset\MSTAR\train\BMP2(SN_9566)\230.jpeg,0
E:\Code\LibFew-shot\dataset\MSTAR\train\BMP2(SN_9566)\56.jpeg,0
E:\Code\LibFew-shot\dataset\MSTAR\train\T62\616.jpeg,2
E:\Code\LibFew-shot\dataset\MSTAR\train\ZIL131\794.jpeg,3
E:\Code\LibFew-shot\dataset\MSTAR\train\BTR_60\466.jpeg,1
E:\Code\LibFew-shot\dataset\MSTAR\train\ZSU_23_4\1102.jpeg,4
E:\Code\LibFew-shot\dataset\MSTAR\train\BTR_60\446.jpeg,1
E:\Code\LibFew-shot\dataset\MSTAR\train\T62\512.jpeg,2
E:\Code\LibFew-shot\dataset\MSTAR\train\T62\770.jpeg,2
E:\Code\LibFew-shot\dataset\MSTAR\train\BTR_60\477.jpeg,1
E:\Code\LibFew-shot\dataset\MSTAR\train\ZIL131\897.jpeg,3
E:\Code\LibFew-shot\dataset\MSTAR\train\BMP2(SN_9566)\209.jpeg,0
E:\Code\LibFew-shot\dataset\MSTAR\train\ZSU_23_4\1109.jpeg,4
E:\Code\LibFew-shot\dataset\MSTAR\train\ZSU_23_4\1253.jpeg,4
E:\Code\LibFew-shot\dataset\MSTAR\train\T62\504.jpeg,2
E:\Code\LibFew-shot\dataset\MSTAR\train\BTR_60\325.jpeg,1
E:\Code\LibFew-shot\dataset\MSTAR\train\ZSU_23_4\1116.jpeg,4
E:\Code\LibFew-shot\dataset\MSTAR\train\BMP2(SN_9566)\221.jpeg,0
E:\Code\LibFew-shot\dataset\MSTAR\train\ZSU_23_4\1196.jpeg,4
E:\Code\LibFew-shot\dataset\MSTAR\train\T62\644.jpeg,2
E:\Code\LibFew-shot\dataset\MSTAR\train\ZSU_23_4\1117.jpeg,4
E:\Code\LibFew-shot\dataset\MSTAR\train\BTR_60\377.jpeg,1
E:\Code\LibFew-shot\dataset\MSTAR\train\ZIL131\899.jpeg,3
E:\Code\LibFew-shot\dataset\MSTAR\train\ZSU_23_4\1247.jpeg,4
E:\Code\LibFew-shot\dataset\MSTAR\train\T62\576.jpeg,2
E:\Code\LibFew-shot\dataset\MSTAR\train\BTR_60\464.jpeg,1
E:\Code\LibFew-shot\dataset\MSTAR\train\ZSU_23_4\1211.jpeg,4
E:\Code\LibFew-shot\dataset\MSTAR\train\ZSU_23_4\1309.jpeg,4
E:\Code\LibFew-shot\dataset\MSTAR\train\ZSU_23_4\1219.jpeg,4
E:\Code\LibFew-shot\dataset\MSTAR\train\BMP2(SN_9566)\49.jpeg,0
E:\Code\LibFew-shot\dataset\MSTAR\train\BMP2(SN_9566)\92.jpeg,0
E:\Code\LibFew-shot\dataset\MSTAR\train\BTR_60\280.jpeg,1
E:\Code\LibFew-shot\dataset\MSTAR\train\ZIL131\886.jpeg,3
E:\Code\LibFew-shot\dataset\MSTAR\train\BMP2(SN_9566)\117.jpeg,0
E:\Code\LibFew-shot\dataset\MSTAR\train\T62\526.jpeg,2
E:\Code\LibFew-shot\dataset\MSTAR\train\ZIL131\1054.jpeg,3
E:\Code\LibFew-shot\dataset\MSTAR\train\BTR_60\482.jpeg,1
E:\Code\LibFew-shot\dataset\MSTAR\train\BMP2(SN_9566)\172.jpeg,0
E:\Code\LibFew-shot\dataset\MSTAR\train\ZSU_23_4\1266.jpeg,4
E:\Code\LibFew-shot\dataset\MSTAR\train\ZSU_23_4\1312.jpeg,4
E:\Code\LibFew-shot\dataset\MSTAR\train\ZSU_23_4\1362.jpeg,4
E:\Code\LibFew-shot\dataset\MSTAR\train\ZIL131\847.jpeg,3
E:\Code\LibFew-shot\dataset\MSTAR\train\ZSU_23_4\1204.jpeg,4
E:\Code\LibFew-shot\dataset\MSTAR\train\BMP2(SN_9566)\155.jpeg,0
E:\Code\LibFew-shot\dataset\MSTAR\train\ZSU_23_4\1202.jpeg,4
E:\Code\LibFew-shot\dataset\MSTAR\train\BTR_60\364.jpeg,1
E:\Code\LibFew-shot\dataset\MSTAR\train\BMP2(SN_9566)\151.jpeg,0
E:\Code\LibFew-shot\dataset\MSTAR\train\BTR_60\251.jpeg,1
E:\Code\LibFew-shot\dataset\MSTAR\train\T62\633.jpeg,2
E:\Code\LibFew-shot\dataset\MSTAR\train\BTR_60\279.jpeg,1
E:\Code\LibFew-shot\dataset\MSTAR\train\T62\687.jpeg,2
E:\Code\LibFew-shot\dataset\MSTAR\train\ZIL131\920.jpeg,3
E:\Code\LibFew-shot\dataset\MSTAR\train\T62\559.jpeg,2
E:\Code\LibFew-shot\dataset\MSTAR\train\BTR_60\329.jpeg,1
E:\Code\LibFew-shot\dataset\MSTAR\train\BMP2(SN_9566)\28.jpeg,0
E:\Code\LibFew-shot\dataset\MSTAR\train\T62\660.jpeg,2
E:\Code\LibFew-shot\dataset\MSTAR\train\BTR_60\292.jpeg,1
E:\Code\LibFew-shot\dataset\MSTAR\train\ZIL131\998.jpeg,3
E:\Code\LibFew-shot\dataset\MSTAR\train\ZIL131\945.jpeg,3
E:\Code\LibFew-shot\dataset\MSTAR\train\BMP2(SN_9566)\222.jpeg,0
E:\Code\LibFew-shot\dataset\MSTAR\train\ZIL131\1046.jpeg,3
E:\Code\LibFew-shot\dataset\MSTAR\train\ZIL131\917.jpeg,3
E:\Code\LibFew-shot\dataset\MSTAR\train\ZIL131\987.jpeg,3
E:\Code\LibFew-shot\dataset\MSTAR\train\ZIL131\1064.jpeg,3
E:\Code\LibFew-shot\dataset\MSTAR\train\BMP2(SN_9566)\203.jpeg,0
E:\Code\LibFew-shot\dataset\MSTAR\train\T62\588.jpeg,2
E:\Code\LibFew-shot\dataset\MSTAR\train\T62\547.jpeg,2
E:\Code\LibFew-shot\dataset\MSTAR\train\ZIL131\806.jpeg,3
E:\Code\LibFew-shot\dataset\MSTAR\train\BTR_60\391.jpeg,1
E:\Code\LibFew-shot\dataset\MSTAR\train\BTR_60\456.jpeg,1
E:\Code\LibFew-shot\dataset\MSTAR\train\BTR_60\368.jpeg,1
E:\Code\LibFew-shot\dataset\MSTAR\train\T62\642.jpeg,2
E:\Code\LibFew-shot\dataset\MSTAR\train\T62\515.jpeg,2
E:\Code\LibFew-shot\dataset\MSTAR\train\BTR_60\271.jpeg,1
E:\Code\LibFew-shot\dataset\MSTAR\train\BMP2(SN_9566)\227.jpeg,0
E:\Code\LibFew-shot\dataset\MSTAR\train\ZSU_23_4\1353.jpeg,4
E:\Code\LibFew-shot\dataset\MSTAR\train\ZSU_23_4\1256.jpeg,4
E:\Code\LibFew-shot\dataset\MSTAR\train\T62\705.jpeg,2
E:\Code\LibFew-shot\dataset\MSTAR\train\T62\718.jpeg,2
E:\Code\LibFew-shot\dataset\MSTAR\train\T62\549.jpeg,2
E:\Code\LibFew-shot\dataset\MSTAR\train\ZSU_23_4\1279.jpeg,4
E:\Code\LibFew-shot\dataset\MSTAR\train\BMP2(SN_9566)\31.jpeg,0
E:\Code\LibFew-shot\dataset\MSTAR\train\ZSU_23_4\1383.jpeg,4
E:\Code\LibFew-shot\dataset\MSTAR\train\ZSU_23_4\1255.jpeg,4
E:\Code\LibFew-shot\dataset\MSTAR\train\ZIL131\927.jpeg,3
E:\Code\LibFew-shot\dataset\MSTAR\train\T62\748.jpeg,2
E:\Code\LibFew-shot\dataset\MSTAR\train\ZIL131\1003.jpeg,3
E:\Code\LibFew-shot\dataset\MSTAR\train\BTR_60\472.jpeg,1
E:\Code\LibFew-shot\dataset\MSTAR\train\ZSU_23_4\1302.jpeg,4
E:\Code\LibFew-shot\dataset\MSTAR\train\BTR_60\480.jpeg,1
E:\Code\LibFew-shot\dataset\MSTAR\train\ZSU_23_4\1342.jpeg,4
E:\Code\LibFew-shot\dataset\MSTAR\train\BMP2(SN_9566)\138.jpeg,0
E:\Code\LibFew-shot\dataset\MSTAR\train\T62\730.jpeg,2
E:\Code\LibFew-shot\dataset\MSTAR\train\BTR_60\256.jpeg,1
E:\Code\LibFew-shot\dataset\MSTAR\train\BTR_60\370.jpeg,1
E:\Code\LibFew-shot\dataset\MSTAR\train\BTR_60\365.jpeg,1
E:\Code\LibFew-shot\dataset\MSTAR\train\BMP2(SN_9566)\210.jpeg,0
E:\Code\LibFew-shot\dataset\MSTAR\train\BTR_60\356.jpeg,1
E:\Code\LibFew-shot\dataset\MSTAR\train\BTR_60\428.jpeg,1
E:\Code\LibFew-shot\dataset\MSTAR\train\T62\655.jpeg,2
E:\Code\LibFew-shot\dataset\MSTAR\train\BTR_60\419.jpeg,1
E:\Code\LibFew-shot\dataset\MSTAR\train\BMP2(SN_9566)\3.jpeg,0
E:\Code\LibFew-shot\dataset\MSTAR\train\ZIL131\1026.jpeg,3
E:\Code\LibFew-shot\dataset\MSTAR\train\BTR_60\311.jpeg,1
E:\Code\LibFew-shot\dataset\MSTAR\train\T62\715.jpeg,2
E:\Code\LibFew-shot\dataset\MSTAR\train\T62\784.jpeg,2
E:\Code\LibFew-shot\dataset\MSTAR\train\BMP2(SN_9566)\97.jpeg,0
E:\Code\LibFew-shot\dataset\MSTAR\train\ZSU_23_4\1203.jpeg,4
E:\Code\LibFew-shot\dataset\MSTAR\train\ZSU_23_4\1225.jpeg,4
E:\Code\LibFew-shot\dataset\MSTAR\train\ZIL131\879.jpeg,3
E:\Code\LibFew-shot\dataset\MSTAR\train\BMP2(SN_9566)\17.jpeg,0
E:\Code\LibFew-shot\dataset\MSTAR\train\ZIL131\933.jpeg,3
E:\Code\LibFew-shot\dataset\MSTAR\train\BMP2(SN_9566)\196.jpeg,0
E:\Code\LibFew-shot\dataset\MSTAR\train\ZIL131\807.jpeg,3
E:\Code\LibFew-shot\dataset\MSTAR\train\BTR_60\244.jpeg,1
E:\Code\LibFew-shot\dataset\MSTAR\train\ZSU_23_4\1136.jpeg,4
E:\Code\LibFew-shot\dataset\MSTAR\train\ZSU_23_4\1087.jpeg,4
E:\Code\LibFew-shot\dataset\MSTAR\train\ZSU_23_4\1370.jpeg,4
E:\Code\LibFew-shot\dataset\MSTAR\train\BMP2(SN_9566)\32.jpeg,0
E:\Code\LibFew-shot\dataset\MSTAR\train\ZSU_23_4\1345.jpeg,4
E:\Code\LibFew-shot\dataset\MSTAR\train\BTR_60\369.jpeg,1
E:\Code\LibFew-shot\dataset\MSTAR\train\BMP2(SN_9566)\71.jpeg,0
E:\Code\LibFew-shot\dataset\MSTAR\train\BTR_60\417.jpeg,1
E:\Code\LibFew-shot\dataset\MSTAR\train\BMP2(SN_9566)\83.jpeg,0
E:\Code\LibFew-shot\dataset\MSTAR\train\BMP2(SN_9566)\185.jpeg,0
E:\Code\LibFew-shot\dataset\MSTAR\train\T62\746.jpeg,2
E:\Code\LibFew-shot\dataset\MSTAR\train\ZSU_23_4\1156.jpeg,4
E:\Code\LibFew-shot\dataset\MSTAR\train\BMP2(SN_9566)\74.jpeg,0
E:\Code\LibFew-shot\dataset\MSTAR\train\ZIL131\1009.jpeg,3
E:\Code\LibFew-shot\dataset\MSTAR\train\ZIL131\836.jpeg,3
E:\Code\LibFew-shot\dataset\MSTAR\train\BTR_60\269.jpeg,1
E:\Code\LibFew-shot\dataset\MSTAR\train\BMP2(SN_9566)\131.jpeg,0
E:\Code\LibFew-shot\dataset\MSTAR\train\BMP2(SN_9566)\224.jpeg,0
E:\Code\LibFew-shot\dataset\MSTAR\train\ZIL131\1051.jpeg,3
E:\Code\LibFew-shot\dataset\MSTAR\train\T62\691.jpeg,2
E:\Code\LibFew-shot\dataset\MSTAR\train\T62\714.jpeg,2
E:\Code\LibFew-shot\dataset\MSTAR\train\BTR_60\471.jpeg,1
E:\Code\LibFew-shot\dataset\MSTAR\train\BTR_60\470.jpeg,1
E:\Code\LibFew-shot\dataset\MSTAR\train\BMP2(SN_9566)\27.jpeg,0
E:\Code\LibFew-shot\dataset\MSTAR\train\BMP2(SN_9566)\60.jpeg,0
E:\Code\LibFew-shot\dataset\MSTAR\train\BMP2(SN_9566)\48.jpeg,0
E:\Code\LibFew-shot\dataset\MSTAR\train\BTR_60\304.jpeg,1
E:\Code\LibFew-shot\dataset\MSTAR\train\ZSU_23_4\1377.jpeg,4
E:\Code\LibFew-shot\dataset\MSTAR\train\ZIL131\844.jpeg,3
E:\Code\LibFew-shot\dataset\MSTAR\train\ZSU_23_4\1141.jpeg,4
E:\Code\LibFew-shot\dataset\MSTAR\train\BMP2(SN_9566)\171.jpeg,0
E:\Code\LibFew-shot\dataset\MSTAR\train\ZSU_23_4\1300.jpeg,4
E:\Code\LibFew-shot\dataset\MSTAR\train\ZSU_23_4\1216.jpeg,4
E:\Code\LibFew-shot\dataset\MSTAR\train\ZSU_23_4\1382.jpeg,4
E:\Code\LibFew-shot\dataset\MSTAR\train\ZSU_23_4\1260.jpeg,4
E:\Code\LibFew-shot\dataset\MSTAR\train\BTR_60\386.jpeg,1
E:\Code\LibFew-shot\dataset\MSTAR\train\ZSU_23_4\1346.jpeg,4
E:\Code\LibFew-shot\dataset\MSTAR\train\ZIL131\1066.jpeg,3
E:\Code\LibFew-shot\dataset\MSTAR\train\ZIL131\932.jpeg,3
E:\Code\LibFew-shot\dataset\MSTAR\train\ZIL131\814.jpeg,3
E:\Code\LibFew-shot\dataset\MSTAR\train\T62\704.jpeg,2
E:\Code\LibFew-shot\dataset\MSTAR\train\T62\613.jpeg,2
E:\Code\LibFew-shot\dataset\MSTAR\train\BTR_60\278.jpeg,1
E:\Code\LibFew-shot\dataset\MSTAR\train\T62\674.jpeg,2
E:\Code\LibFew-shot\dataset\MSTAR\train\ZIL131\795.jpeg,3
E:\Code\LibFew-shot\dataset\MSTAR\train\BTR_60\454.jpeg,1
E:\Code\LibFew-shot\dataset\MSTAR\train\BTR_60\461.jpeg,1
E:\Code\LibFew-shot\dataset\MSTAR\train\ZIL131\1073.jpeg,3
E:\Code\LibFew-shot\dataset\MSTAR\train\BMP2(SN_9566)\112.jpeg,0
E:\Code\LibFew-shot\dataset\MSTAR\train\ZSU_23_4\1238.jpeg,4
E:\Code\LibFew-shot\dataset\MSTAR\train\BTR_60\426.jpeg,1
E:\Code\LibFew-shot\dataset\MSTAR\train\T62\536.jpeg,2
E:\Code\LibFew-shot\dataset\MSTAR\train\ZSU_23_4\1112.jpeg,4
E:\Code\LibFew-shot\dataset\MSTAR\train\T62\591.jpeg,2
E:\Code\LibFew-shot\dataset\MSTAR\train\ZIL131\825.jpeg,3
E:\Code\LibFew-shot\dataset\MSTAR\train\T62\764.jpeg,2
E:\Code\LibFew-shot\dataset\MSTAR\train\ZSU_23_4\1193.jpeg,4
E:\Code\LibFew-shot\dataset\MSTAR\train\ZIL131\958.jpeg,3
E:\Code\LibFew-shot\dataset\MSTAR\train\T62\626.jpeg,2
E:\Code\LibFew-shot\dataset\MSTAR\train\ZIL131\974.jpeg,3
E:\Code\LibFew-shot\dataset\MSTAR\train\ZIL131\858.jpeg,3
E:\Code\LibFew-shot\dataset\MSTAR\train\BTR_60\484.jpeg,1
E:\Code\LibFew-shot\dataset\MSTAR\train\BMP2(SN_9566)\170.jpeg,0
E:\Code\LibFew-shot\dataset\MSTAR\train\ZSU_23_4\1167.jpeg,4
E:\Code\LibFew-shot\dataset\MSTAR\train\ZSU_23_4\1360.jpeg,4
E:\Code\LibFew-shot\dataset\MSTAR\train\BMP2(SN_9566)\176.jpeg,0
E:\Code\LibFew-shot\dataset\MSTAR\train\ZIL131\894.jpeg,3
E:\Code\LibFew-shot\dataset\MSTAR\train\BTR_60\445.jpeg,1
E:\Code\LibFew-shot\dataset\MSTAR\train\BTR_60\409.jpeg,1
E:\Code\LibFew-shot\dataset\MSTAR\train\T62\756.jpeg,2
E:\Code\LibFew-shot\dataset\MSTAR\train\BMP2(SN_9566)\18.jpeg,0
E:\Code\LibFew-shot\dataset\MSTAR\train\BMP2(SN_9566)\19.jpeg,0
E:\Code\LibFew-shot\dataset\MSTAR\train\T62\713.jpeg,2
E:\Code\LibFew-shot\dataset\MSTAR\train\BMP2(SN_9566)\143.jpeg,0
E:\Code\LibFew-shot\dataset\MSTAR\train\BTR_60\261.jpeg,1
E:\Code\LibFew-shot\dataset\MSTAR\train\T62\702.jpeg,2
E:\Code\LibFew-shot\dataset\MSTAR\train\T62\565.jpeg,2
E:\Code\LibFew-shot\dataset\MSTAR\train\T62\519.jpeg,2
E:\Code\LibFew-shot\dataset\MSTAR\train\BMP2(SN_9566)\90.jpeg,0
E:\Code\LibFew-shot\dataset\MSTAR\train\T62\494.jpeg,2
E:\Code\LibFew-shot\dataset\MSTAR\train\BMP2(SN_9566)\57.jpeg,0
E:\Code\LibFew-shot\dataset\MSTAR\train\T62\561.jpeg,2
E:\Code\LibFew-shot\dataset\MSTAR\train\T62\612.jpeg,2
E:\Code\LibFew-shot\dataset\MSTAR\train\BTR_60\281.jpeg,1
E:\Code\LibFew-shot\dataset\MSTAR\train\T62\545.jpeg,2
E:\Code\LibFew-shot\dataset\MSTAR\train\T62\683.jpeg,2
E:\Code\LibFew-shot\dataset\MSTAR\train\ZIL131\1060.jpeg,3
E:\Code\LibFew-shot\dataset\MSTAR\train\ZIL131\949.jpeg,3
E:\Code\LibFew-shot\dataset\MSTAR\train\T62\502.jpeg,2
E:\Code\LibFew-shot\dataset\MSTAR\train\ZIL131\893.jpeg,3
E:\Code\LibFew-shot\dataset\MSTAR\train\ZSU_23_4\1315.jpeg,4
E:\Code\LibFew-shot\dataset\MSTAR\train\T62\726.jpeg,2
E:\Code\LibFew-shot\dataset\MSTAR\train\T62\722.jpeg,2
E:\Code\LibFew-shot\dataset\MSTAR\train\T62\597.jpeg,2
E:\Code\LibFew-shot\dataset\MSTAR\train\BMP2(SN_9566)\98.jpeg,0
E:\Code\LibFew-shot\dataset\MSTAR\train\BMP2(SN_9566)\223.jpeg,0
E:\Code\LibFew-shot\dataset\MSTAR\train\T62\497.jpeg,2
E:\Code\LibFew-shot\dataset\MSTAR\train\BTR_60\263.jpeg,1
E:\Code\LibFew-shot\dataset\MSTAR\train\ZSU_23_4\1165.jpeg,4
E:\Code\LibFew-shot\dataset\MSTAR\train\BTR_60\402.jpeg,1
E:\Code\LibFew-shot\dataset\MSTAR\train\T62\675.jpeg,2
E:\Code\LibFew-shot\dataset\MSTAR\train\ZSU_23_4\1164.jpeg,4
E:\Code\LibFew-shot\dataset\MSTAR\train\BMP2(SN_9566)\113.jpeg,0
E:\Code\LibFew-shot\dataset\MSTAR\train\ZSU_23_4\1094.jpeg,4
E:\Code\LibFew-shot\dataset\MSTAR\train\ZSU_23_4\1289.jpeg,4
E:\Code\LibFew-shot\dataset\MSTAR\train\T62\769.jpeg,2
E:\Code\LibFew-shot\dataset\MSTAR\train\ZSU_23_4\1352.jpeg,4
E:\Code\LibFew-shot\dataset\MSTAR\train\T62\605.jpeg,2
E:\Code\LibFew-shot\dataset\MSTAR\train\ZIL131\1083.jpeg,3
E:\Code\LibFew-shot\dataset\MSTAR\train\BMP2(SN_9566)\62.jpeg,0
E:\Code\LibFew-shot\dataset\MSTAR\train\ZIL131\962.jpeg,3
E:\Code\LibFew-shot\dataset\MSTAR\train\BMP2(SN_9566)\99.jpeg,0
E:\Code\LibFew-shot\dataset\MSTAR\train\BTR_60\312.jpeg,1
E:\Code\LibFew-shot\dataset\MSTAR\train\T62\500.jpeg,2
E:\Code\LibFew-shot\dataset\MSTAR\train\T62\546.jpeg,2
E:\Code\LibFew-shot\dataset\MSTAR\train\BTR_60\315.jpeg,1
E:\Code\LibFew-shot\dataset\MSTAR\train\ZSU_23_4\1246.jpeg,4
E:\Code\LibFew-shot\dataset\MSTAR\train\BTR_60\317.jpeg,1
E:\Code\LibFew-shot\dataset\MSTAR\train\BTR_60\284.jpeg,1
E:\Code\LibFew-shot\dataset\MSTAR\train\T62\672.jpeg,2
E:\Code\LibFew-shot\dataset\MSTAR\train\T62\592.jpeg,2
E:\Code\LibFew-shot\dataset\MSTAR\train\BTR_60\240.jpeg,1
E:\Code\LibFew-shot\dataset\MSTAR\train\ZIL131\976.jpeg,3
E:\Code\LibFew-shot\dataset\MSTAR\train\ZSU_23_4\1356.jpeg,4
E:\Code\LibFew-shot\dataset\MSTAR\train\ZSU_23_4\1182.jpeg,4
E:\Code\LibFew-shot\dataset\MSTAR\train\T62\650.jpeg,2
E:\Code\LibFew-shot\dataset\MSTAR\train\BMP2(SN_9566)\42.jpeg,0
E:\Code\LibFew-shot\dataset\MSTAR\train\ZIL131\922.jpeg,3
E:\Code\LibFew-shot\dataset\MSTAR\train\ZIL131\995.jpeg,3
E:\Code\LibFew-shot\dataset\MSTAR\train\ZSU_23_4\1145.jpeg,4
E:\Code\LibFew-shot\dataset\MSTAR\train\BTR_60\306.jpeg,1
E:\Code\LibFew-shot\dataset\MSTAR\train\T62\720.jpeg,2
E:\Code\LibFew-shot\dataset\MSTAR\train\T62\703.jpeg,2
E:\Code\LibFew-shot\dataset\MSTAR\train\ZSU_23_4\1143.jpeg,4
E:\Code\LibFew-shot\dataset\MSTAR\train\T62\745.jpeg,2
E:\Code\LibFew-shot\dataset\MSTAR\train\ZIL131\1056.jpeg,3
E:\Code\LibFew-shot\dataset\MSTAR\train\BMP2(SN_9566)\214.jpeg,0
E:\Code\LibFew-shot\dataset\MSTAR\train\BTR_60\465.jpeg,1
E:\Code\LibFew-shot\dataset\MSTAR\train\ZSU_23_4\1251.jpeg,4
E:\Code\LibFew-shot\dataset\MSTAR\train\BTR_60\339.jpeg,1
E:\Code\LibFew-shot\dataset\MSTAR\train\BMP2(SN_9566)\128.jpeg,0
E:\Code\LibFew-shot\dataset\MSTAR\train\ZSU_23_4\1282.jpeg,4
E:\Code\LibFew-shot\dataset\MSTAR\train\ZIL131\911.jpeg,3
E:\Code\LibFew-shot\dataset\MSTAR\train\BTR_60\255.jpeg,1
E:\Code\LibFew-shot\dataset\MSTAR\train\BTR_60\334.jpeg,1
E:\Code\LibFew-shot\dataset\MSTAR\train\ZIL131\937.jpeg,3
E:\Code\LibFew-shot\dataset\MSTAR\train\BMP2(SN_9566)\50.jpeg,0
E:\Code\LibFew-shot\dataset\MSTAR\train\BMP2(SN_9566)\33.jpeg,0
E:\Code\LibFew-shot\dataset\MSTAR\train\ZIL131\978.jpeg,3
E:\Code\LibFew-shot\dataset\MSTAR\train\T62\771.jpeg,2
E:\Code\LibFew-shot\dataset\MSTAR\train\T62\666.jpeg,2
E:\Code\LibFew-shot\dataset\MSTAR\train\ZSU_23_4\1277.jpeg,4
E:\Code\LibFew-shot\dataset\MSTAR\train\ZIL131\819.jpeg,3
E:\Code\LibFew-shot\dataset\MSTAR\train\T62\768.jpeg,2
E:\Code\LibFew-shot\dataset\MSTAR\train\ZIL131\1007.jpeg,3
E:\Code\LibFew-shot\dataset\MSTAR\train\ZSU_23_4\1168.jpeg,4
E:\Code\LibFew-shot\dataset\MSTAR\train\ZSU_23_4\1110.jpeg,4
E:\Code\LibFew-shot\dataset\MSTAR\train\BTR_60\298.jpeg,1
E:\Code\LibFew-shot\dataset\MSTAR\train\T62\623.jpeg,2
E:\Code\LibFew-shot\dataset\MSTAR\train\BTR_60\289.jpeg,1
E:\Code\LibFew-shot\dataset\MSTAR\train\ZIL131\898.jpeg,3
E:\Code\LibFew-shot\dataset\MSTAR\train\ZSU_23_4\1270.jpeg,4
E:\Code\LibFew-shot\dataset\MSTAR\train\T62\763.jpeg,2
E:\Code\LibFew-shot\dataset\MSTAR\train\BTR_60\408.jpeg,1
E:\Code\LibFew-shot\dataset\MSTAR\train\ZSU_23_4\1314.jpeg,4
E:\Code\LibFew-shot\dataset\MSTAR\train\ZSU_23_4\1214.jpeg,4
E:\Code\LibFew-shot\dataset\MSTAR\train\BTR_60\305.jpeg,1
E:\Code\LibFew-shot\dataset\MSTAR\train\T62\686.jpeg,2
E:\Code\LibFew-shot\dataset\MSTAR\train\BTR_60\425.jpeg,1
E:\Code\LibFew-shot\dataset\MSTAR\train\T62\638.jpeg,2
E:\Code\LibFew-shot\dataset\MSTAR\train\ZSU_23_4\1359.jpeg,4
E:\Code\LibFew-shot\dataset\MSTAR\train\ZIL131\1030.jpeg,3
E:\Code\LibFew-shot\dataset\MSTAR\train\BMP2(SN_9566)\110.jpeg,0
E:\Code\LibFew-shot\dataset\MSTAR\train\ZIL131\824.jpeg,3
E:\Code\LibFew-shot\dataset\MSTAR\train\ZIL131\1071.jpeg,3
E:\Code\LibFew-shot\dataset\MSTAR\train\T62\654.jpeg,2
E:\Code\LibFew-shot\dataset\MSTAR\train\BMP2(SN_9566)\109.jpeg,0
E:\Code\LibFew-shot\dataset\MSTAR\train\ZIL131\931.jpeg,3
E:\Code\LibFew-shot\dataset\MSTAR\train\BTR_60\232.jpeg,1
E:\Code\LibFew-shot\dataset\MSTAR\train\ZIL131\823.jpeg,3
E:\Code\LibFew-shot\dataset\MSTAR\train\ZIL131\866.jpeg,3
E:\Code\LibFew-shot\dataset\MSTAR\train\ZIL131\921.jpeg,3
E:\Code\LibFew-shot\dataset\MSTAR\train\BMP2(SN_9566)\22.jpeg,0
E:\Code\LibFew-shot\dataset\MSTAR\train\T62\628.jpeg,2
E:\Code\LibFew-shot\dataset\MSTAR\train\ZIL131\1045.jpeg,3
E:\Code\LibFew-shot\dataset\MSTAR\train\BMP2(SN_9566)\89.jpeg,0
E:\Code\LibFew-shot\dataset\MSTAR\train\BTR_60\260.jpeg,1
E:\Code\LibFew-shot\dataset\MSTAR\train\ZSU_23_4\1174.jpeg,4
E:\Code\LibFew-shot\dataset\MSTAR\train\ZIL131\880.jpeg,3
E:\Code\LibFew-shot\dataset\MSTAR\train\BMP2(SN_9566)\47.jpeg,0
E:\Code\LibFew-shot\dataset\MSTAR\train\ZSU_23_4\1240.jpeg,4
E:\Code\LibFew-shot\dataset\MSTAR\train\ZSU_23_4\1307.jpeg,4
E:\Code\LibFew-shot\dataset\MSTAR\train\ZSU_23_4\1290.jpeg,4
E:\Code\LibFew-shot\dataset\MSTAR\train\BTR_60\259.jpeg,1
E:\Code\LibFew-shot\dataset\MSTAR\train\T62\517.jpeg,2
E:\Code\LibFew-shot\dataset\MSTAR\train\ZIL131\952.jpeg,3
E:\Code\LibFew-shot\dataset\MSTAR\train\BTR_60\270.jpeg,1
E:\Code\LibFew-shot\dataset\MSTAR\train\ZSU_23_4\1236.jpeg,4
E:\Code\LibFew-shot\dataset\MSTAR\train\BMP2(SN_9566)\156.jpeg,0
E:\Code\LibFew-shot\dataset\MSTAR\train\T62\511.jpeg,2
E:\Code\LibFew-shot\dataset\MSTAR\train\ZSU_23_4\1230.jpeg,4
E:\Code\LibFew-shot\dataset\MSTAR\train\ZSU_23_4\1189.jpeg,4
E:\Code\LibFew-shot\dataset\MSTAR\train\T62\653.jpeg,2
E:\Code\LibFew-shot\dataset\MSTAR\train\ZSU_23_4\1296.jpeg,4
E:\Code\LibFew-shot\dataset\MSTAR\train\T62\738.jpeg,2
E:\Code\LibFew-shot\dataset\MSTAR\train\ZIL131\889.jpeg,3
E:\Code\LibFew-shot\dataset\MSTAR\train\T62\555.jpeg,2
E:\Code\LibFew-shot\dataset\MSTAR\train\T62\501.jpeg,2
E:\Code\LibFew-shot\dataset\MSTAR\train\ZIL131\1000.jpeg,3
E:\Code\LibFew-shot\dataset\MSTAR\train\BMP2(SN_9566)\64.jpeg,0
E:\Code\LibFew-shot\dataset\MSTAR\train\ZIL131\1040.jpeg,3
E:\Code\LibFew-shot\dataset\MSTAR\train\ZSU_23_4\1311.jpeg,4
E:\Code\LibFew-shot\dataset\MSTAR\train\T62\620.jpeg,2
E:\Code\LibFew-shot\dataset\MSTAR\train\BMP2(SN_9566)\162.jpeg,0
E:\Code\LibFew-shot\dataset\MSTAR\train\BTR_60\310.jpeg,1
E:\Code\LibFew-shot\dataset\MSTAR\train\BMP2(SN_9566)\195.jpeg,0
E:\Code\LibFew-shot\dataset\MSTAR\train\ZIL131\812.jpeg,3
E:\Code\LibFew-shot\dataset\MSTAR\train\BTR_60\242.jpeg,1
E:\Code\LibFew-shot\dataset\MSTAR\train\ZIL131\938.jpeg,3
E:\Code\LibFew-shot\dataset\MSTAR\train\ZIL131\804.jpeg,3
E:\Code\LibFew-shot\dataset\MSTAR\train\ZSU_23_4\1268.jpeg,4
E:\Code\LibFew-shot\dataset\MSTAR\train\BMP2(SN_9566)\2.jpeg,0
E:\Code\LibFew-shot\dataset\MSTAR\train\ZIL131\909.jpeg,3
E:\Code\LibFew-shot\dataset\MSTAR\train\ZSU_23_4\1275.jpeg,4
E:\Code\LibFew-shot\dataset\MSTAR\train\ZIL131\834.jpeg,3
E:\Code\LibFew-shot\dataset\MSTAR\train\ZIL131\855.jpeg,3
E:\Code\LibFew-shot\dataset\MSTAR\train\BTR_60\416.jpeg,1
E:\Code\LibFew-shot\dataset\MSTAR\train\T62\508.jpeg,2
E:\Code\LibFew-shot\dataset\MSTAR\train\ZSU_23_4\1278.jpeg,4
E:\Code\LibFew-shot\dataset\MSTAR\train\BTR_60\299.jpeg,1
E:\Code\LibFew-shot\dataset\MSTAR\train\BTR_60\307.jpeg,1
E:\Code\LibFew-shot\dataset\MSTAR\train\ZIL131\986.jpeg,3
E:\Code\LibFew-shot\dataset\MSTAR\train\ZIL131\1063.jpeg,3
E:\Code\LibFew-shot\dataset\MSTAR\train\ZSU_23_4\1318.jpeg,4
E:\Code\LibFew-shot\dataset\MSTAR\train\BTR_60\372.jpeg,1
E:\Code\LibFew-shot\dataset\MSTAR\train\ZSU_23_4\1350.jpeg,4
E:\Code\LibFew-shot\dataset\MSTAR\train\BTR_60\348.jpeg,1
E:\Code\LibFew-shot\dataset\MSTAR\train\T62\757.jpeg,2
E:\Code\LibFew-shot\dataset\MSTAR\train\ZIL131\1017.jpeg,3
E:\Code\LibFew-shot\dataset\MSTAR\train\ZIL131\946.jpeg,3
E:\Code\LibFew-shot\dataset\MSTAR\train\ZIL131\1011.jpeg,3
E:\Code\LibFew-shot\dataset\MSTAR\train\ZIL131\813.jpeg,3
E:\Code\LibFew-shot\dataset\MSTAR\train\ZIL131\942.jpeg,3
E:\Code\LibFew-shot\dataset\MSTAR\train\T62\531.jpeg,2
E:\Code\LibFew-shot\dataset\MSTAR\train\ZIL131\968.jpeg,3
E:\Code\LibFew-shot\dataset\MSTAR\train\BMP2(SN_9566)\217.jpeg,0
E:\Code\LibFew-shot\dataset\MSTAR\train\ZIL131\928.jpeg,3
E:\Code\LibFew-shot\dataset\MSTAR\train\ZIL131\875.jpeg,3
E:\Code\LibFew-shot\dataset\MSTAR\train\ZIL131\1080.jpeg,3
E:\Code\LibFew-shot\dataset\MSTAR\train\BTR_60\250.jpeg,1
E:\Code\LibFew-shot\dataset\MSTAR\train\ZIL131\947.jpeg,3
E:\Code\LibFew-shot\dataset\MSTAR\train\ZIL131\1012.jpeg,3
E:\Code\LibFew-shot\dataset\MSTAR\train\ZSU_23_4\1129.jpeg,4
E:\Code\LibFew-shot\dataset\MSTAR\train\BMP2(SN_9566)\118.jpeg,0
E:\Code\LibFew-shot\dataset\MSTAR\train\ZSU_23_4\1337.jpeg,4
E:\Code\LibFew-shot\dataset\MSTAR\train\T62\652.jpeg,2
E:\Code\LibFew-shot\dataset\MSTAR\train\T62\712.jpeg,2
E:\Code\LibFew-shot\dataset\MSTAR\train\ZSU_23_4\1215.jpeg,4
E:\Code\LibFew-shot\dataset\MSTAR\train\BTR_60\300.jpeg,1
E:\Code\LibFew-shot\dataset\MSTAR\train\BTR_60\384.jpeg,1
E:\Code\LibFew-shot\dataset\MSTAR\train\ZSU_23_4\1205.jpeg,4
E:\Code\LibFew-shot\dataset\MSTAR\train\T62\661.jpeg,2
E:\Code\LibFew-shot\dataset\MSTAR\train\BTR_60\322.jpeg,1
E:\Code\LibFew-shot\dataset\MSTAR\train\BTR_60\441.jpeg,1
E:\Code\LibFew-shot\dataset\MSTAR\train\T62\648.jpeg,2
E:\Code\LibFew-shot\dataset\MSTAR\train\ZIL131\840.jpeg,3
E:\Code\LibFew-shot\dataset\MSTAR\train\BTR_60\393.jpeg,1
E:\Code\LibFew-shot\dataset\MSTAR\train\ZSU_23_4\1158.jpeg,4
E:\Code\LibFew-shot\dataset\MSTAR\train\ZIL131\1010.jpeg,3
E:\Code\LibFew-shot\dataset\MSTAR\train\T62\579.jpeg,2
E:\Code\LibFew-shot\dataset\MSTAR\train\ZIL131\859.jpeg,3
E:\Code\LibFew-shot\dataset\MSTAR\train\BMP2(SN_9566)\45.jpeg,0
E:\Code\LibFew-shot\dataset\MSTAR\train\T62\647.jpeg,2
E:\Code\LibFew-shot\dataset\MSTAR\train\BTR_60\267.jpeg,1
E:\Code\LibFew-shot\dataset\MSTAR\train\T62\717.jpeg,2
E:\Code\LibFew-shot\dataset\MSTAR\train\T62\668.jpeg,2
E:\Code\LibFew-shot\dataset\MSTAR\train\BTR_60\316.jpeg,1
E:\Code\LibFew-shot\dataset\MSTAR\train\T62\774.jpeg,2
E:\Code\LibFew-shot\dataset\MSTAR\train\BMP2(SN_9566)\181.jpeg,0
E:\Code\LibFew-shot\dataset\MSTAR\train\BTR_60\331.jpeg,1
E:\Code\LibFew-shot\dataset\MSTAR\train\ZIL131\1031.jpeg,3
E:\Code\LibFew-shot\dataset\MSTAR\train\T62\607.jpeg,2
E:\Code\LibFew-shot\dataset\MSTAR\train\T62\491.jpeg,2
E:\Code\LibFew-shot\dataset\MSTAR\train\T62\562.jpeg,2
E:\Code\LibFew-shot\dataset\MSTAR\train\ZIL131\904.jpeg,3
E:\Code\LibFew-shot\dataset\MSTAR\train\T62\596.jpeg,2
E:\Code\LibFew-shot\dataset\MSTAR\train\T62\622.jpeg,2
E:\Code\LibFew-shot\dataset\MSTAR\train\T62\495.jpeg,2
E:\Code\LibFew-shot\dataset\MSTAR\train\T62\525.jpeg,2
E:\Code\LibFew-shot\dataset\MSTAR\train\BMP2(SN_9566)\136.jpeg,0
E:\Code\LibFew-shot\dataset\MSTAR\train\ZSU_23_4\1120.jpeg,4
E:\Code\LibFew-shot\dataset\MSTAR\train\T62\765.jpeg,2
E:\Code\LibFew-shot\dataset\MSTAR\train\BMP2(SN_9566)\16.jpeg,0
E:\Code\LibFew-shot\dataset\MSTAR\train\ZSU_23_4\1365.jpeg,4
E:\Code\LibFew-shot\dataset\MSTAR\train\BTR_60\318.jpeg,1
E:\Code\LibFew-shot\dataset\MSTAR\train\T62\514.jpeg,2
E:\Code\LibFew-shot\dataset\MSTAR\train\ZIL131\950.jpeg,3
E:\Code\LibFew-shot\dataset\MSTAR\train\BMP2(SN_9566)\93.jpeg,0
E:\Code\LibFew-shot\dataset\MSTAR\train\BMP2(SN_9566)\104.jpeg,0
E:\Code\LibFew-shot\dataset\MSTAR\train\ZSU_23_4\1135.jpeg,4
E:\Code\LibFew-shot\dataset\MSTAR\train\T62\658.jpeg,2
E:\Code\LibFew-shot\dataset\MSTAR\train\BTR_60\451.jpeg,1
E:\Code\LibFew-shot\dataset\MSTAR\train\ZSU_23_4\1107.jpeg,4
E:\Code\LibFew-shot\dataset\MSTAR\train\ZIL131\882.jpeg,3
E:\Code\LibFew-shot\dataset\MSTAR\train\ZSU_23_4\1259.jpeg,4
E:\Code\LibFew-shot\dataset\MSTAR\train\BTR_60\429.jpeg,1
E:\Code\LibFew-shot\dataset\MSTAR\train\ZSU_23_4\1297.jpeg,4
E:\Code\LibFew-shot\dataset\MSTAR\train\T62\625.jpeg,2
E:\Code\LibFew-shot\dataset\MSTAR\train\BTR_60\328.jpeg,1
E:\Code\LibFew-shot\dataset\MSTAR\train\T62\581.jpeg,2
E:\Code\LibFew-shot\dataset\MSTAR\train\ZIL131\895.jpeg,3
E:\Code\LibFew-shot\dataset\MSTAR\train\BMP2(SN_9566)\7.jpeg,0
E:\Code\LibFew-shot\dataset\MSTAR\train\ZIL131\1043.jpeg,3
E:\Code\LibFew-shot\dataset\MSTAR\train\ZSU_23_4\1088.jpeg,4
E:\Code\LibFew-shot\dataset\MSTAR\train\ZSU_23_4\1184.jpeg,4
E:\Code\LibFew-shot\dataset\MSTAR\train\ZSU_23_4\1274.jpeg,4
E:\Code\LibFew-shot\dataset\MSTAR\train\BTR_60\355.jpeg,1
E:\Code\LibFew-shot\dataset\MSTAR\train\ZSU_23_4\1147.jpeg,4
E:\Code\LibFew-shot\dataset\MSTAR\train\ZSU_23_4\1101.jpeg,4
E:\Code\LibFew-shot\dataset\MSTAR\train\T62\753.jpeg,2
E:\Code\LibFew-shot\dataset\MSTAR\train\BMP2(SN_9566)\140.jpeg,0
E:\Code\LibFew-shot\dataset\MSTAR\train\BTR_60\474.jpeg,1
E:\Code\LibFew-shot\dataset\MSTAR\train\ZSU_23_4\1227.jpeg,4
E:\Code\LibFew-shot\dataset\MSTAR\train\ZSU_23_4\1303.jpeg,4
E:\Code\LibFew-shot\dataset\MSTAR\train\ZIL131\1014.jpeg,3
E:\Code\LibFew-shot\dataset\MSTAR\train\ZIL131\1069.jpeg,3
E:\Code\LibFew-shot\dataset\MSTAR\train\T62\530.jpeg,2
E:\Code\LibFew-shot\dataset\MSTAR\train\BTR_60\350.jpeg,1
E:\Code\LibFew-shot\dataset\MSTAR\train\ZSU_23_4\1292.jpeg,4
E:\Code\LibFew-shot\dataset\MSTAR\train\T62\541.jpeg,2
E:\Code\LibFew-shot\dataset\MSTAR\train\BTR_60\376.jpeg,1
E:\Code\LibFew-shot\dataset\MSTAR\train\T62\492.jpeg,2
E:\Code\LibFew-shot\dataset\MSTAR\train\BMP2(SN_9566)\36.jpeg,0
E:\Code\LibFew-shot\dataset\MSTAR\train\ZIL131\1068.jpeg,3
E:\Code\LibFew-shot\dataset\MSTAR\train\T62\643.jpeg,2
E:\Code\LibFew-shot\dataset\MSTAR\train\ZSU_23_4\1152.jpeg,4
E:\Code\LibFew-shot\dataset\MSTAR\train\BMP2(SN_9566)\121.jpeg,0
E:\Code\LibFew-shot\dataset\MSTAR\train\T62\646.jpeg,2
E:\Code\LibFew-shot\dataset\MSTAR\train\BTR_60\353.jpeg,1
E:\Code\LibFew-shot\dataset\MSTAR\train\ZIL131\1044.jpeg,3
E:\Code\LibFew-shot\dataset\MSTAR\train\ZSU_23_4\1267.jpeg,4
E:\Code\LibFew-shot\dataset\MSTAR\train\BMP2(SN_9566)\101.jpeg,0
E:\Code\LibFew-shot\dataset\MSTAR\train\BMP2(SN_9566)\130.jpeg,0
E:\Code\LibFew-shot\dataset\MSTAR\train\BTR_60\392.jpeg,1
E:\Code\LibFew-shot\dataset\MSTAR\train\BTR_60\447.jpeg,1
E:\Code\LibFew-shot\dataset\MSTAR\train\T62\534.jpeg,2
E:\Code\LibFew-shot\dataset\MSTAR\train\T62\729.jpeg,2
E:\Code\LibFew-shot\dataset\MSTAR\train\BMP2(SN_9566)\25.jpeg,0
E:\Code\LibFew-shot\dataset\MSTAR\train\BTR_60\324.jpeg,1
E:\Code\LibFew-shot\dataset\MSTAR\train\ZSU_23_4\1324.jpeg,4
E:\Code\LibFew-shot\dataset\MSTAR\train\BMP2(SN_9566)\177.jpeg,0
E:\Code\LibFew-shot\dataset\MSTAR\train\BMP2(SN_9566)\1.jpeg,0
E:\Code\LibFew-shot\dataset\MSTAR\train\ZSU_23_4\1173.jpeg,4
E:\Code\LibFew-shot\dataset\MSTAR\train\ZIL131\965.jpeg,3
E:\Code\LibFew-shot\dataset\MSTAR\train\T62\552.jpeg,2
E:\Code\LibFew-shot\dataset\MSTAR\train\ZSU_23_4\1139.jpeg,4
E:\Code\LibFew-shot\dataset\MSTAR\train\BMP2(SN_9566)\8.jpeg,0
E:\Code\LibFew-shot\dataset\MSTAR\train\ZSU_23_4\1195.jpeg,4
E:\Code\LibFew-shot\dataset\MSTAR\train\ZIL131\831.jpeg,3
E:\Code\LibFew-shot\dataset\MSTAR\train\T62\523.jpeg,2
E:\Code\LibFew-shot\dataset\MSTAR\train\T62\716.jpeg,2
E:\Code\LibFew-shot\dataset\MSTAR\train\ZIL131\845.jpeg,3
E:\Code\LibFew-shot\dataset\MSTAR\train\BTR_60\285.jpeg,1
E:\Code\LibFew-shot\dataset\MSTAR\train\ZSU_23_4\1288.jpeg,4
E:\Code\LibFew-shot\dataset\MSTAR\train\BMP2(SN_9566)\141.jpeg,0
E:\Code\LibFew-shot\dataset\MSTAR\train\ZSU_23_4\1133.jpeg,4
E:\Code\LibFew-shot\dataset\MSTAR\train\T62\742.jpeg,2
E:\Code\LibFew-shot\dataset\MSTAR\train\T62\617.jpeg,2
E:\Code\LibFew-shot\dataset\MSTAR\train\ZIL131\1023.jpeg,3
E:\Code\LibFew-shot\dataset\MSTAR\train\ZSU_23_4\1155.jpeg,4
E:\Code\LibFew-shot\dataset\MSTAR\train\BTR_60\485.jpeg,1
E:\Code\LibFew-shot\dataset\MSTAR\train\ZIL131\1076.jpeg,3
E:\Code\LibFew-shot\dataset\MSTAR\train\ZSU_23_4\1364.jpeg,4
E:\Code\LibFew-shot\dataset\MSTAR\train\ZSU_23_4\1172.jpeg,4
E:\Code\LibFew-shot\dataset\MSTAR\train\BTR_60\248.jpeg,1
E:\Code\LibFew-shot\dataset\MSTAR\train\T62\571.jpeg,2
E:\Code\LibFew-shot\dataset\MSTAR\train\BMP2(SN_9566)\15.jpeg,0
E:\Code\LibFew-shot\dataset\MSTAR\train\ZSU_23_4\1264.jpeg,4
E:\Code\LibFew-shot\dataset\MSTAR\train\ZIL131\887.jpeg,3
E:\Code\LibFew-shot\dataset\MSTAR\train\ZSU_23_4\1249.jpeg,4
E:\Code\LibFew-shot\dataset\MSTAR\train\T62\695.jpeg,2
E:\Code\LibFew-shot\dataset\MSTAR\train\ZIL131\868.jpeg,3
E:\Code\LibFew-shot\dataset\MSTAR\train\BMP2(SN_9566)\70.jpeg,0
E:\Code\LibFew-shot\dataset\MSTAR\train\ZSU_23_4\1207.jpeg,4
E:\Code\LibFew-shot\dataset\MSTAR\train\ZSU_23_4\1343.jpeg,4
E:\Code\LibFew-shot\dataset\MSTAR\train\BTR_60\254.jpeg,1
E:\Code\LibFew-shot\dataset\MSTAR\train\T62\731.jpeg,2
E:\Code\LibFew-shot\dataset\MSTAR\train\T62\578.jpeg,2
E:\Code\LibFew-shot\dataset\MSTAR\train\BTR_60\258.jpeg,1
E:\Code\LibFew-shot\dataset\MSTAR\train\ZSU_23_4\1127.jpeg,4
E:\Code\LibFew-shot\dataset\MSTAR\train\T62\583.jpeg,2
E:\Code\LibFew-shot\dataset\MSTAR\train\ZSU_23_4\1319.jpeg,4
E:\Code\LibFew-shot\dataset\MSTAR\train\ZIL131\1047.jpeg,3
E:\Code\LibFew-shot\dataset\MSTAR\train\T62\505.jpeg,2
E:\Code\LibFew-shot\dataset\MSTAR\train\T62\513.jpeg,2
E:\Code\LibFew-shot\dataset\MSTAR\train\ZSU_23_4\1224.jpeg,4
E:\Code\LibFew-shot\dataset\MSTAR\train\BMP2(SN_9566)\10.jpeg,0
E:\Code\LibFew-shot\dataset\MSTAR\train\ZIL131\793.jpeg,3
E:\Code\LibFew-shot\dataset\MSTAR\train\BMP2(SN_9566)\133.jpeg,0
E:\Code\LibFew-shot\dataset\MSTAR\train\BTR_60\297.jpeg,1
E:\Code\LibFew-shot\dataset\MSTAR\train\BTR_60\354.jpeg,1
E:\Code\LibFew-shot\dataset\MSTAR\train\ZIL131\833.jpeg,3
E:\Code\LibFew-shot\dataset\MSTAR\train\T62\543.jpeg,2
E:\Code\LibFew-shot\dataset\MSTAR\train\T62\656.jpeg,2
E:\Code\LibFew-shot\dataset\MSTAR\train\T62\749.jpeg,2
E:\Code\LibFew-shot\dataset\MSTAR\train\T62\755.jpeg,2
E:\Code\LibFew-shot\dataset\MSTAR\train\ZSU_23_4\1161.jpeg,4
E:\Code\LibFew-shot\dataset\MSTAR\train\T62\688.jpeg,2
E:\Code\LibFew-shot\dataset\MSTAR\train\ZIL131\944.jpeg,3
E:\Code\LibFew-shot\dataset\MSTAR\train\T62\516.jpeg,2
E:\Code\LibFew-shot\dataset\MSTAR\train\ZIL131\900.jpeg,3
E:\Code\LibFew-shot\dataset\MSTAR\train\ZSU_23_4\1217.jpeg,4
E:\Code\LibFew-shot\dataset\MSTAR\train\ZSU_23_4\1237.jpeg,4
E:\Code\LibFew-shot\dataset\MSTAR\train\BMP2(SN_9566)\68.jpeg,0
E:\Code\LibFew-shot\dataset\MSTAR\train\ZIL131\811.jpeg,3
E:\Code\LibFew-shot\dataset\MSTAR\train\ZIL131\801.jpeg,3
E:\Code\LibFew-shot\dataset\MSTAR\train\BTR_60\237.jpeg,1
E:\Code\LibFew-shot\dataset\MSTAR\train\BMP2(SN_9566)\200.jpeg,0
E:\Code\LibFew-shot\dataset\MSTAR\train\ZSU_23_4\1368.jpeg,4
E:\Code\LibFew-shot\dataset\MSTAR\train\ZIL131\792.jpeg,3
E:\Code\LibFew-shot\dataset\MSTAR\train\ZSU_23_4\1354.jpeg,4
E:\Code\LibFew-shot\dataset\MSTAR\train\BTR_60\380.jpeg,1
E:\Code\LibFew-shot\dataset\MSTAR\train\BMP2(SN_9566)\137.jpeg,0
E:\Code\LibFew-shot\dataset\MSTAR\train\ZIL131\864.jpeg,3
E:\Code\LibFew-shot\dataset\MSTAR\train\ZSU_23_4\1162.jpeg,4
E:\Code\LibFew-shot\dataset\MSTAR\train\ZIL131\826.jpeg,3
E:\Code\LibFew-shot\dataset\MSTAR\train\ZIL131\1059.jpeg,3
E:\Code\LibFew-shot\dataset\MSTAR\train\T62\735.jpeg,2
E:\Code\LibFew-shot\dataset\MSTAR\train\T62\586.jpeg,2
E:\Code\LibFew-shot\dataset\MSTAR\train\ZIL131\862.jpeg,3
E:\Code\LibFew-shot\dataset\MSTAR\train\ZSU_23_4\1187.jpeg,4
E:\Code\LibFew-shot\dataset\MSTAR\train\T62\701.jpeg,2
E:\Code\LibFew-shot\dataset\MSTAR\train\BMP2(SN_9566)\105.jpeg,0
E:\Code\LibFew-shot\dataset\MSTAR\train\T62\781.jpeg,2
E:\Code\LibFew-shot\dataset\MSTAR\train\BMP2(SN_9566)\87.jpeg,0
E:\Code\LibFew-shot\dataset\MSTAR\train\T62\540.jpeg,2
E:\Code\LibFew-shot\dataset\MSTAR\train\BTR_60\389.jpeg,1
E:\Code\LibFew-shot\dataset\MSTAR\train\BMP2(SN_9566)\126.jpeg,0
E:\Code\LibFew-shot\dataset\MSTAR\train\T62\520.jpeg,2
E:\Code\LibFew-shot\dataset\MSTAR\train\ZSU_23_4\1201.jpeg,4
E:\Code\LibFew-shot\dataset\MSTAR\train\BMP2(SN_9566)\4.jpeg,0
E:\Code\LibFew-shot\dataset\MSTAR\train\ZIL131\984.jpeg,3
E:\Code\LibFew-shot\dataset\MSTAR\train\BTR_60\463.jpeg,1
E:\Code\LibFew-shot\dataset\MSTAR\train\ZSU_23_4\1222.jpeg,4
E:\Code\LibFew-shot\dataset\MSTAR\train\BMP2(SN_9566)\69.jpeg,0
E:\Code\LibFew-shot\dataset\MSTAR\train\T62\680.jpeg,2
E:\Code\LibFew-shot\dataset\MSTAR\train\ZIL131\1085.jpeg,3
E:\Code\LibFew-shot\dataset\MSTAR\train\ZIL131\996.jpeg,3
E:\Code\LibFew-shot\dataset\MSTAR\train\BTR_60\378.jpeg,1
E:\Code\LibFew-shot\dataset\MSTAR\train\T62\632.jpeg,2
E:\Code\LibFew-shot\dataset\MSTAR\train\ZIL131\912.jpeg,3
E:\Code\LibFew-shot\dataset\MSTAR\train\BMP2(SN_9566)\6.jpeg,0
E:\Code\LibFew-shot\dataset\MSTAR\train\ZIL131\816.jpeg,3
E:\Code\LibFew-shot\dataset\MSTAR\train\T62\506.jpeg,2
E:\Code\LibFew-shot\dataset\MSTAR\train\BMP2(SN_9566)\111.jpeg,0
E:\Code\LibFew-shot\dataset\MSTAR\train\ZIL131\815.jpeg,3
E:\Code\LibFew-shot\dataset\MSTAR\train\BMP2(SN_9566)\26.jpeg,0
E:\Code\LibFew-shot\dataset\MSTAR\train\ZIL131\1055.jpeg,3
E:\Code\LibFew-shot\dataset\MSTAR\train\BMP2(SN_9566)\188.jpeg,0
E:\Code\LibFew-shot\dataset\MSTAR\train\BMP2(SN_9566)\157.jpeg,0
E:\Code\LibFew-shot\dataset\MSTAR\train\ZIL131\951.jpeg,3
E:\Code\LibFew-shot\dataset\MSTAR\train\BTR_60\395.jpeg,1
E:\Code\LibFew-shot\dataset\MSTAR\train\BTR_60\397.jpeg,1
E:\Code\LibFew-shot\dataset\MSTAR\train\ZIL131\890.jpeg,3
E:\Code\LibFew-shot\dataset\MSTAR\train\BMP2(SN_9566)\187.jpeg,0
E:\Code\LibFew-shot\dataset\MSTAR\train\BMP2(SN_9566)\51.jpeg,0
E:\Code\LibFew-shot\dataset\MSTAR\train\ZSU_23_4\1175.jpeg,4
E:\Code\LibFew-shot\dataset\MSTAR\train\BMP2(SN_9566)\139.jpeg,0
E:\Code\LibFew-shot\dataset\MSTAR\train\ZSU_23_4\1351.jpeg,4
E:\Code\LibFew-shot\dataset\MSTAR\train\ZSU_23_4\1103.jpeg,4
E:\Code\LibFew-shot\dataset\MSTAR\train\BMP2(SN_9566)\53.jpeg,0
E:\Code\LibFew-shot\dataset\MSTAR\train\ZSU_23_4\1355.jpeg,4
E:\Code\LibFew-shot\dataset\MSTAR\train\ZIL131\856.jpeg,3
E:\Code\LibFew-shot\dataset\MSTAR\train\T62\580.jpeg,2
E:\Code\LibFew-shot\dataset\MSTAR\train\ZSU_23_4\1185.jpeg,4
E:\Code\LibFew-shot\dataset\MSTAR\train\BTR_60\276.jpeg,1
E:\Code\LibFew-shot\dataset\MSTAR\train\ZIL131\787.jpeg,3
E:\Code\LibFew-shot\dataset\MSTAR\train\T62\548.jpeg,2
E:\Code\LibFew-shot\dataset\MSTAR\train\BMP2(SN_9566)\197.jpeg,0
E:\Code\LibFew-shot\dataset\MSTAR\train\T62\750.jpeg,2
E:\Code\LibFew-shot\dataset\MSTAR\train\T62\569.jpeg,2
E:\Code\LibFew-shot\dataset\MSTAR\train\ZSU_23_4\1153.jpeg,4
E:\Code\LibFew-shot\dataset\MSTAR\train\ZSU_23_4\1242.jpeg,4
E:\Code\LibFew-shot\dataset\MSTAR\train\T62\554.jpeg,2
E:\Code\LibFew-shot\dataset\MSTAR\train\BTR_60\437.jpeg,1
E:\Code\LibFew-shot\dataset\MSTAR\train\BMP2(SN_9566)\61.jpeg,0
E:\Code\LibFew-shot\dataset\MSTAR\train\ZSU_23_4\1176.jpeg,4
E:\Code\LibFew-shot\dataset\MSTAR\train\T62\727.jpeg,2
E:\Code\LibFew-shot\dataset\MSTAR\train\BMP2(SN_9566)\220.jpeg,0
E:\Code\LibFew-shot\dataset\MSTAR\train\BTR_60\288.jpeg,1
E:\Code\LibFew-shot\dataset\MSTAR\train\BTR_60\320.jpeg,1
E:\Code\LibFew-shot\dataset\MSTAR\train\ZIL131\837.jpeg,3
E:\Code\LibFew-shot\dataset\MSTAR\train\ZIL131\939.jpeg,3
E:\Code\LibFew-shot\dataset\MSTAR\train\T62\673.jpeg,2
E:\Code\LibFew-shot\dataset\MSTAR\train\BTR_60\295.jpeg,1
E:\Code\LibFew-shot\dataset\MSTAR\train\ZSU_23_4\1233.jpeg,4
E:\Code\LibFew-shot\dataset\MSTAR\train\ZSU_23_4\1273.jpeg,4
E:\Code\LibFew-shot\dataset\MSTAR\train\BTR_60\468.jpeg,1
E:\Code\LibFew-shot\dataset\MSTAR\train\ZSU_23_4\1092.jpeg,4
E:\Code\LibFew-shot\dataset\MSTAR\train\ZSU_23_4\1341.jpeg,4
E:\Code\LibFew-shot\dataset\MSTAR\train\ZIL131\1028.jpeg,3
E:\Code\LibFew-shot\dataset\MSTAR\train\BTR_60\469.jpeg,1
E:\Code\LibFew-shot\dataset\MSTAR\train\BMP2(SN_9566)\120.jpeg,0
E:\Code\LibFew-shot\dataset\MSTAR\train\BMP2(SN_9566)\44.jpeg,0
E:\Code\LibFew-shot\dataset\MSTAR\train\T62\608.jpeg,2
E:\Code\LibFew-shot\dataset\MSTAR\train\BTR_60\396.jpeg,1
E:\Code\LibFew-shot\dataset\MSTAR\train\ZSU_23_4\1320.jpeg,4
E:\Code\LibFew-shot\dataset\MSTAR\train\ZIL131\1039.jpeg,3
E:\Code\LibFew-shot\dataset\MSTAR\train\ZSU_23_4\1380.jpeg,4
E:\Code\LibFew-shot\dataset\MSTAR\train\T62\700.jpeg,2
E:\Code\LibFew-shot\dataset\MSTAR\train\ZIL131\1052.jpeg,3
E:\Code\LibFew-shot\dataset\MSTAR\train\T62\524.jpeg,2
E:\Code\LibFew-shot\dataset\MSTAR\train\ZIL131\913.jpeg,3
E:\Code\LibFew-shot\dataset\MSTAR\train\ZSU_23_4\1235.jpeg,4
E:\Code\LibFew-shot\dataset\MSTAR\train\BMP2(SN_9566)\54.jpeg,0
E:\Code\LibFew-shot\dataset\MSTAR\train\T62\741.jpeg,2
E:\Code\LibFew-shot\dataset\MSTAR\train\T62\662.jpeg,2
E:\Code\LibFew-shot\dataset\MSTAR\train\ZIL131\964.jpeg,3
E:\Code\LibFew-shot\dataset\MSTAR\train\ZSU_23_4\1177.jpeg,4
E:\Code\LibFew-shot\dataset\MSTAR\train\BTR_60\308.jpeg,1
E:\Code\LibFew-shot\dataset\MSTAR\train\BMP2(SN_9566)\173.jpeg,0
E:\Code\LibFew-shot\dataset\MSTAR\train\BTR_60\385.jpeg,1
E:\Code\LibFew-shot\dataset\MSTAR\train\T62\743.jpeg,2
E:\Code\LibFew-shot\dataset\MSTAR\train\BMP2(SN_9566)\150.jpeg,0
E:\Code\LibFew-shot\dataset\MSTAR\train\ZSU_23_4\1096.jpeg,4
E:\Code\LibFew-shot\dataset\MSTAR\train\T62\709.jpeg,2
E:\Code\LibFew-shot\dataset\MSTAR\train\ZSU_23_4\1131.jpeg,4
E:\Code\LibFew-shot\dataset\MSTAR\train\ZSU_23_4\1295.jpeg,4
E:\Code\LibFew-shot\dataset\MSTAR\train\BTR_60\319.jpeg,1
E:\Code\LibFew-shot\dataset\MSTAR\train\BTR_60\274.jpeg,1
E:\Code\LibFew-shot\dataset\MSTAR\train\BMP2(SN_9566)\46.jpeg,0
E:\Code\LibFew-shot\dataset\MSTAR\train\BTR_60\410.jpeg,1
E:\Code\LibFew-shot\dataset\MSTAR\train\BMP2(SN_9566)\66.jpeg,0
E:\Code\LibFew-shot\dataset\MSTAR\train\BTR_60\406.jpeg,1
E:\Code\LibFew-shot\dataset\MSTAR\train\T62\682.jpeg,2
E:\Code\LibFew-shot\dataset\MSTAR\train\ZSU_23_4\1361.jpeg,4
E:\Code\LibFew-shot\dataset\MSTAR\train\T62\752.jpeg,2
E:\Code\LibFew-shot\dataset\MSTAR\train\ZSU_23_4\1378.jpeg,4
E:\Code\LibFew-shot\dataset\MSTAR\train\ZSU_23_4\1132.jpeg,4
E:\Code\LibFew-shot\dataset\MSTAR\train\BMP2(SN_9566)\20.jpeg,0
E:\Code\LibFew-shot\dataset\MSTAR\train\ZSU_23_4\1239.jpeg,4
E:\Code\LibFew-shot\dataset\MSTAR\train\ZSU_23_4\1306.jpeg,4
E:\Code\LibFew-shot\dataset\MSTAR\train\BTR_60\352.jpeg,1
E:\Code\LibFew-shot\dataset\MSTAR\train\ZIL131\808.jpeg,3
E:\Code\LibFew-shot\dataset\MSTAR\train\ZIL131\929.jpeg,3
E:\Code\LibFew-shot\dataset\MSTAR\train\ZSU_23_4\1369.jpeg,4
E:\Code\LibFew-shot\dataset\MSTAR\train\ZSU_23_4\1234.jpeg,4
E:\Code\LibFew-shot\dataset\MSTAR\train\T62\685.jpeg,2
E:\Code\LibFew-shot\dataset\MSTAR\train\ZSU_23_4\1221.jpeg,4
E:\Code\LibFew-shot\dataset\MSTAR\train\T62\489.jpeg,2
E:\Code\LibFew-shot\dataset\MSTAR\train\ZIL131\914.jpeg,3
E:\Code\LibFew-shot\dataset\MSTAR\train\ZIL131\1019.jpeg,3
E:\Code\LibFew-shot\dataset\MSTAR\train\T62\657.jpeg,2
E:\Code\LibFew-shot\dataset\MSTAR\train\ZIL131\843.jpeg,3
E:\Code\LibFew-shot\dataset\MSTAR\train\BMP2(SN_9566)\212.jpeg,0
E:\Code\LibFew-shot\dataset\MSTAR\train\ZIL131\1001.jpeg,3
E:\Code\LibFew-shot\dataset\MSTAR\train\BTR_60\473.jpeg,1
E:\Code\LibFew-shot\dataset\MSTAR\train\BTR_60\420.jpeg,1
E:\Code\LibFew-shot\dataset\MSTAR\train\ZIL131\993.jpeg,3
E:\Code\LibFew-shot\dataset\MSTAR\train\ZSU_23_4\1134.jpeg,4
E:\Code\LibFew-shot\dataset\MSTAR\train\T62\775.jpeg,2
E:\Code\LibFew-shot\dataset\MSTAR\train\T62\678.jpeg,2
E:\Code\LibFew-shot\dataset\MSTAR\train\BTR_60\383.jpeg,1
E:\Code\LibFew-shot\dataset\MSTAR\train\T62\572.jpeg,2
E:\Code\LibFew-shot\dataset\MSTAR\train\ZIL131\810.jpeg,3
E:\Code\LibFew-shot\dataset\MSTAR\train\ZIL131\881.jpeg,3
E:\Code\LibFew-shot\dataset\MSTAR\train\BMP2(SN_9566)\205.jpeg,0
E:\Code\LibFew-shot\dataset\MSTAR\train\T62\778.jpeg,2
E:\Code\LibFew-shot\dataset\MSTAR\train\ZIL131\925.jpeg,3
E:\Code\LibFew-shot\dataset\MSTAR\train\BTR_60\341.jpeg,1
E:\Code\LibFew-shot\dataset\MSTAR\train\BTR_60\247.jpeg,1
E:\Code\LibFew-shot\dataset\MSTAR\train\ZIL131\971.jpeg,3
E:\Code\LibFew-shot\dataset\MSTAR\train\ZIL131\991.jpeg,3
E:\Code\LibFew-shot\dataset\MSTAR\train\BTR_60\415.jpeg,1
E:\Code\LibFew-shot\dataset\MSTAR\train\ZSU_23_4\1272.jpeg,4
E:\Code\LibFew-shot\dataset\MSTAR\train\ZSU_23_4\1241.jpeg,4
E:\Code\LibFew-shot\dataset\MSTAR\train\BMP2(SN_9566)\206.jpeg,0
E:\Code\LibFew-shot\dataset\MSTAR\train\ZIL131\1005.jpeg,3
E:\Code\LibFew-shot\dataset\MSTAR\train\BMP2(SN_9566)\55.jpeg,0
E:\Code\LibFew-shot\dataset\MSTAR\train\BMP2(SN_9566)\215.jpeg,0
E:\Code\LibFew-shot\dataset\MSTAR\train\BMP2(SN_9566)\135.jpeg,0
E:\Code\LibFew-shot\dataset\MSTAR\train\BTR_60\394.jpeg,1
E:\Code\LibFew-shot\dataset\MSTAR\train\T62\532.jpeg,2
E:\Code\LibFew-shot\dataset\MSTAR\train\BTR_60\301.jpeg,1
E:\Code\LibFew-shot\dataset\MSTAR\train\T62\779.jpeg,2
E:\Code\LibFew-shot\dataset\MSTAR\train\BTR_60\413.jpeg,1
E:\Code\LibFew-shot\dataset\MSTAR\train\ZSU_23_4\1106.jpeg,4
E:\Code\LibFew-shot\dataset\MSTAR\train\ZIL131\902.jpeg,3
E:\Code\LibFew-shot\dataset\MSTAR\train\BMP2(SN_9566)\146.jpeg,0
E:\Code\LibFew-shot\dataset\MSTAR\train\T62\747.jpeg,2
E:\Code\LibFew-shot\dataset\MSTAR\train\ZIL131\821.jpeg,3
E:\Code\LibFew-shot\dataset\MSTAR\train\ZIL131\1025.jpeg,3
E:\Code\LibFew-shot\dataset\MSTAR\train\BTR_60\390.jpeg,1
E:\Code\LibFew-shot\dataset\MSTAR\train\ZIL131\983.jpeg,3
E:\Code\LibFew-shot\dataset\MSTAR\train\BTR_60\309.jpeg,1
E:\Code\LibFew-shot\dataset\MSTAR\train\ZIL131\1081.jpeg,3
E:\Code\LibFew-shot\dataset\MSTAR\train\BTR_60\351.jpeg,1
E:\Code\LibFew-shot\dataset\MSTAR\train\BTR_60\442.jpeg,1
E:\Code\LibFew-shot\dataset\MSTAR\train\ZSU_23_4\1330.jpeg,4
E:\Code\LibFew-shot\dataset\MSTAR\train\T62\590.jpeg,2
E:\Code\LibFew-shot\dataset\MSTAR\train\ZSU_23_4\1347.jpeg,4
E:\Code\LibFew-shot\dataset\MSTAR\train\ZIL131\948.jpeg,3
E:\Code\LibFew-shot\dataset\MSTAR\train\T62\631.jpeg,2
E:\Code\LibFew-shot\dataset\MSTAR\train\T62\758.jpeg,2
E:\Code\LibFew-shot\dataset\MSTAR\train\ZIL131\910.jpeg,3
E:\Code\LibFew-shot\dataset\MSTAR\train\BTR_60\418.jpeg,1
E:\Code\LibFew-shot\dataset\MSTAR\train\BMP2(SN_9566)\115.jpeg,0
E:\Code\LibFew-shot\dataset\MSTAR\train\ZSU_23_4\1349.jpeg,4
E:\Code\LibFew-shot\dataset\MSTAR\train\ZSU_23_4\1339.jpeg,4
E:\Code\LibFew-shot\dataset\MSTAR\train\ZSU_23_4\1197.jpeg,4
E:\Code\LibFew-shot\dataset\MSTAR\train\ZIL131\818.jpeg,3
E:\Code\LibFew-shot\dataset\MSTAR\train\BMP2(SN_9566)\183.jpeg,0
E:\Code\LibFew-shot\dataset\MSTAR\train\ZIL131\796.jpeg,3
E:\Code\LibFew-shot\dataset\MSTAR\train\BTR_60\337.jpeg,1
E:\Code\LibFew-shot\dataset\MSTAR\train\T62\490.jpeg,2
E:\Code\LibFew-shot\dataset\MSTAR\train\BTR_60\475.jpeg,1
E:\Code\LibFew-shot\dataset\MSTAR\train\BTR_60\407.jpeg,1
E:\Code\LibFew-shot\dataset\MSTAR\train\ZIL131\830.jpeg,3
E:\Code\LibFew-shot\dataset\MSTAR\train\T62\762.jpeg,2
E:\Code\LibFew-shot\dataset\MSTAR\train\ZIL131\919.jpeg,3
E:\Code\LibFew-shot\dataset\MSTAR\train\BMP2(SN_9566)\88.jpeg,0
E:\Code\LibFew-shot\dataset\MSTAR\train\ZIL131\1075.jpeg,3
E:\Code\LibFew-shot\dataset\MSTAR\train\T62\728.jpeg,2
E:\Code\LibFew-shot\dataset\MSTAR\train\BTR_60\439.jpeg,1
E:\Code\LibFew-shot\dataset\MSTAR\train\BMP2(SN_9566)\41.jpeg,0
E:\Code\LibFew-shot\dataset\MSTAR\train\ZSU_23_4\1130.jpeg,4
E:\Code\LibFew-shot\dataset\MSTAR\train\ZIL131\907.jpeg,3
E:\Code\LibFew-shot\dataset\MSTAR\train\ZSU_23_4\1231.jpeg,4
E:\Code\LibFew-shot\dataset\MSTAR\train\ZSU_23_4\1144.jpeg,4
E:\Code\LibFew-shot\dataset\MSTAR\train\T62\600.jpeg,2
E:\Code\LibFew-shot\dataset\MSTAR\train\T62\619.jpeg,2
E:\Code\LibFew-shot\dataset\MSTAR\train\T62\563.jpeg,2
E:\Code\LibFew-shot\dataset\MSTAR\train\T62\761.jpeg,2
E:\Code\LibFew-shot\dataset\MSTAR\train\ZIL131\1033.jpeg,3
E:\Code\LibFew-shot\dataset\MSTAR\train\ZSU_23_4\1210.jpeg,4
E:\Code\LibFew-shot\dataset\MSTAR\train\T62\641.jpeg,2
E:\Code\LibFew-shot\dataset\MSTAR\train\BTR_60\382.jpeg,1
E:\Code\LibFew-shot\dataset\MSTAR\train\ZSU_23_4\1108.jpeg,4
E:\Code\LibFew-shot\dataset\MSTAR\train\ZIL131\979.jpeg,3
E:\Code\LibFew-shot\dataset\MSTAR\train\ZIL131\930.jpeg,3
E:\Code\LibFew-shot\dataset\MSTAR\train\BMP2(SN_9566)\166.jpeg,0
E:\Code\LibFew-shot\dataset\MSTAR\train\BTR_60\450.jpeg,1
E:\Code\LibFew-shot\dataset\MSTAR\train\T62\522.jpeg,2
E:\Code\LibFew-shot\dataset\MSTAR\train\ZSU_23_4\1375.jpeg,4
E:\Code\LibFew-shot\dataset\MSTAR\train\BTR_60\374.jpeg,1
E:\Code\LibFew-shot\dataset\MSTAR\train\BTR_60\366.jpeg,1
E:\Code\LibFew-shot\dataset\MSTAR\train\BMP2(SN_9566)\204.jpeg,0
E:\Code\LibFew-shot\dataset\MSTAR\train\BTR_60\265.jpeg,1
E:\Code\LibFew-shot\dataset\MSTAR\train\ZSU_23_4\1294.jpeg,4
E:\Code\LibFew-shot\dataset\MSTAR\train\BMP2(SN_9566)\142.jpeg,0
E:\Code\LibFew-shot\dataset\MSTAR\train\ZIL131\994.jpeg,3
E:\Code\LibFew-shot\dataset\MSTAR\train\ZIL131\1004.jpeg,3
E:\Code\LibFew-shot\dataset\MSTAR\train\ZIL131\963.jpeg,3
E:\Code\LibFew-shot\dataset\MSTAR\train\BTR_60\459.jpeg,1
E:\Code\LibFew-shot\dataset\MSTAR\train\BTR_60\435.jpeg,1
E:\Code\LibFew-shot\dataset\MSTAR\train\BTR_60\358.jpeg,1
E:\Code\LibFew-shot\dataset\MSTAR\train\ZIL131\1078.jpeg,3
E:\Code\LibFew-shot\dataset\MSTAR\train\BTR_60\340.jpeg,1
E:\Code\LibFew-shot\dataset\MSTAR\train\T62\697.jpeg,2
E:\Code\LibFew-shot\dataset\MSTAR\train\T62\544.jpeg,2
E:\Code\LibFew-shot\dataset\MSTAR\train\BMP2(SN_9566)\13.jpeg,0
E:\Code\LibFew-shot\dataset\MSTAR\train\ZIL131\820.jpeg,3
E:\Code\LibFew-shot\dataset\MSTAR\train\T62\629.jpeg,2
E:\Code\LibFew-shot\dataset\MSTAR\train\T62\585.jpeg,2
E:\Code\LibFew-shot\dataset\MSTAR\train\BMP2(SN_9566)\213.jpeg,0
E:\Code\LibFew-shot\dataset\MSTAR\train\T62\659.jpeg,2
E:\Code\LibFew-shot\dataset\MSTAR\train\BTR_60\241.jpeg,1
E:\Code\LibFew-shot\dataset\MSTAR\train\ZIL131\961.jpeg,3
E:\Code\LibFew-shot\dataset\MSTAR\train\BTR_60\381.jpeg,1
E:\Code\LibFew-shot\dataset\MSTAR\train\ZSU_23_4\1124.jpeg,4
E:\Code\LibFew-shot\dataset\MSTAR\train\ZIL131\839.jpeg,3
E:\Code\LibFew-shot\dataset\MSTAR\train\ZSU_23_4\1298.jpeg,4
E:\Code\LibFew-shot\dataset\MSTAR\train\ZIL131\851.jpeg,3
E:\Code\LibFew-shot\dataset\MSTAR\train\BTR_60\401.jpeg,1
E:\Code\LibFew-shot\dataset\MSTAR\train\BTR_60\357.jpeg,1
E:\Code\LibFew-shot\dataset\MSTAR\train\ZSU_23_4\1191.jpeg,4
E:\Code\LibFew-shot\dataset\MSTAR\train\ZSU_23_4\1089.jpeg,4
E:\Code\LibFew-shot\dataset\MSTAR\train\ZIL131\805.jpeg,3
E:\Code\LibFew-shot\dataset\MSTAR\train\ZIL131\905.jpeg,3
E:\Code\LibFew-shot\dataset\MSTAR\train\BMP2(SN_9566)\67.jpeg,0
E:\Code\LibFew-shot\dataset\MSTAR\train\T62\537.jpeg,2
E:\Code\LibFew-shot\dataset\MSTAR\train\ZSU_23_4\1220.jpeg,4
E:\Code\LibFew-shot\dataset\MSTAR\train\T62\698.jpeg,2
E:\Code\LibFew-shot\dataset\MSTAR\train\BTR_60\273.jpeg,1
E:\Code\LibFew-shot\dataset\MSTAR\train\ZIL131\800.jpeg,3
E:\Code\LibFew-shot\dataset\MSTAR\train\BMP2(SN_9566)\225.jpeg,0
E:\Code\LibFew-shot\dataset\MSTAR\train\BMP2(SN_9566)\58.jpeg,0
E:\Code\LibFew-shot\dataset\MSTAR\train\T62\734.jpeg,2
E:\Code\LibFew-shot\dataset\MSTAR\train\ZIL131\990.jpeg,3
E:\Code\LibFew-shot\dataset\MSTAR\train\ZSU_23_4\1329.jpeg,4
E:\Code\LibFew-shot\dataset\MSTAR\train\BTR_60\294.jpeg,1
E:\Code\LibFew-shot\dataset\MSTAR\train\BMP2(SN_9566)\94.jpeg,0
E:\Code\LibFew-shot\dataset\MSTAR\train\T62\539.jpeg,2
E:\Code\LibFew-shot\dataset\MSTAR\train\T62\649.jpeg,2
E:\Code\LibFew-shot\dataset\MSTAR\train\ZSU_23_4\1271.jpeg,4
E:\Code\LibFew-shot\dataset\MSTAR\train\BTR_60\313.jpeg,1
E:\Code\LibFew-shot\dataset\MSTAR\train\ZSU_23_4\1121.jpeg,4
E:\Code\LibFew-shot\dataset\MSTAR\train\ZIL131\916.jpeg,3
E:\Code\LibFew-shot\dataset\MSTAR\train\BTR_60\457.jpeg,1
E:\Code\LibFew-shot\dataset\MSTAR\train\ZIL131\956.jpeg,3
E:\Code\LibFew-shot\dataset\MSTAR\train\BTR_60\449.jpeg,1
E:\Code\LibFew-shot\dataset\MSTAR\train\T62\690.jpeg,2
E:\Code\LibFew-shot\dataset\MSTAR\train\T62\557.jpeg,2
E:\Code\LibFew-shot\dataset\MSTAR\train\BTR_60\302.jpeg,1
E:\Code\LibFew-shot\dataset\MSTAR\train\ZSU_23_4\1332.jpeg,4
E:\Code\LibFew-shot\dataset\MSTAR\train\BMP2(SN_9566)\149.jpeg,0
E:\Code\LibFew-shot\dataset\MSTAR\train\ZSU_23_4\1262.jpeg,4
E:\Code\LibFew-shot\dataset\MSTAR\train\BMP2(SN_9566)\119.jpeg,0
E:\Code\LibFew-shot\dataset\MSTAR\train\ZIL131\842.jpeg,3
E:\Code\LibFew-shot\dataset\MSTAR\train\T62\499.jpeg,2
E:\Code\LibFew-shot\dataset\MSTAR\train\BMP2(SN_9566)\186.jpeg,0
E:\Code\LibFew-shot\dataset\MSTAR\train\ZSU_23_4\1252.jpeg,4
E:\Code\LibFew-shot\dataset\MSTAR\train\BMP2(SN_9566)\219.jpeg,0
E:\Code\LibFew-shot\dataset\MSTAR\train\ZIL131\869.jpeg,3
E:\Code\LibFew-shot\dataset\MSTAR\train\BTR_60\438.jpeg,1
E:\Code\LibFew-shot\dataset\MSTAR\train\BTR_60\404.jpeg,1
E:\Code\LibFew-shot\dataset\MSTAR\train\ZIL131\967.jpeg,3
E:\Code\LibFew-shot\dataset\MSTAR\train\BMP2(SN_9566)\153.jpeg,0
E:\Code\LibFew-shot\dataset\MSTAR\train\T62\667.jpeg,2
E:\Code\LibFew-shot\dataset\MSTAR\train\T62\751.jpeg,2
E:\Code\LibFew-shot\dataset\MSTAR\train\ZSU_23_4\1316.jpeg,4
E:\Code\LibFew-shot\dataset\MSTAR\train\T62\737.jpeg,2
E:\Code\LibFew-shot\dataset\MSTAR\train\BMP2(SN_9566)\194.jpeg,0
E:\Code\LibFew-shot\dataset\MSTAR\train\ZSU_23_4\1317.jpeg,4
E:\Code\LibFew-shot\dataset\MSTAR\train\T62\573.jpeg,2
E:\Code\LibFew-shot\dataset\MSTAR\train\BTR_60\342.jpeg,1
E:\Code\LibFew-shot\dataset\MSTAR\train\T62\574.jpeg,2
E:\Code\LibFew-shot\dataset\MSTAR\train\T62\740.jpeg,2
E:\Code\LibFew-shot\dataset\MSTAR\train\T62\760.jpeg,2
E:\Code\LibFew-shot\dataset\MSTAR\train\BTR_60\252.jpeg,1
E:\Code\LibFew-shot\dataset\MSTAR\train\T62\599.jpeg,2
E:\Code\LibFew-shot\dataset\MSTAR\train\ZSU_23_4\1327.jpeg,4
E:\Code\LibFew-shot\dataset\MSTAR\train\ZIL131\999.jpeg,3
E:\Code\LibFew-shot\dataset\MSTAR\train\BMP2(SN_9566)\5.jpeg,0
E:\Code\LibFew-shot\dataset\MSTAR\train\T62\723.jpeg,2
E:\Code\LibFew-shot\dataset\MSTAR\train\BMP2(SN_9566)\229.jpeg,0
E:\Code\LibFew-shot\dataset\MSTAR\train\ZIL131\935.jpeg,3
E:\Code\LibFew-shot\dataset\MSTAR\train\ZIL131\1006.jpeg,3
E:\Code\LibFew-shot\dataset\MSTAR\train\T62\521.jpeg,2
E:\Code\LibFew-shot\dataset\MSTAR\train\ZSU_23_4\1376.jpeg,4
E:\Code\LibFew-shot\dataset\MSTAR\train\ZSU_23_4\1178.jpeg,4
E:\Code\LibFew-shot\dataset\MSTAR\train\ZSU_23_4\1206.jpeg,4
E:\Code\LibFew-shot\dataset\MSTAR\train\ZIL131\985.jpeg,3
E:\Code\LibFew-shot\dataset\MSTAR\train\BTR_60\363.jpeg,1
E:\Code\LibFew-shot\dataset\MSTAR\train\T62\510.jpeg,2
E:\Code\LibFew-shot\dataset\MSTAR\train\BMP2(SN_9566)\59.jpeg,0
E:\Code\LibFew-shot\dataset\MSTAR\train\BTR_60\398.jpeg,1
E:\Code\LibFew-shot\dataset\MSTAR\train\BMP2(SN_9566)\226.jpeg,0
E:\Code\LibFew-shot\dataset\MSTAR\train\ZIL131\1067.jpeg,3
E:\Code\LibFew-shot\dataset\MSTAR\train\T62\635.jpeg,2
E:\Code\LibFew-shot\dataset\MSTAR\train\ZSU_23_4\1146.jpeg,4
E:\Code\LibFew-shot\dataset\MSTAR\train\BMP2(SN_9566)\73.jpeg,0
E:\Code\LibFew-shot\dataset\MSTAR\train\T62\584.jpeg,2
E:\Code\LibFew-shot\dataset\MSTAR\train\BMP2(SN_9566)\103.jpeg,0
E:\Code\LibFew-shot\dataset\MSTAR\train\BMP2(SN_9566)\79.jpeg,0
E:\Code\LibFew-shot\dataset\MSTAR\train\ZSU_23_4\1323.jpeg,4
E:\Code\LibFew-shot\dataset\MSTAR\train\ZIL131\798.jpeg,3
E:\Code\LibFew-shot\dataset\MSTAR\train\BMP2(SN_9566)\80.jpeg,0
E:\Code\LibFew-shot\dataset\MSTAR\train\ZIL131\829.jpeg,3
E:\Code\LibFew-shot\dataset\MSTAR\train\ZIL131\1038.jpeg,3
E:\Code\LibFew-shot\dataset\MSTAR\train\ZIL131\960.jpeg,3
E:\Code\LibFew-shot\dataset\MSTAR\train\T62\739.jpeg,2
E:\Code\LibFew-shot\dataset\MSTAR\train\BMP2(SN_9566)\178.jpeg,0
E:\Code\LibFew-shot\dataset\MSTAR\train\ZIL131\848.jpeg,3
E:\Code\LibFew-shot\dataset\MSTAR\train\T62\773.jpeg,2
E:\Code\LibFew-shot\dataset\MSTAR\train\T62\615.jpeg,2
E:\Code\LibFew-shot\dataset\MSTAR\train\ZSU_23_4\1114.jpeg,4
E:\Code\LibFew-shot\dataset\MSTAR\train\T62\614.jpeg,2
E:\Code\LibFew-shot\dataset\MSTAR\train\BTR_60\436.jpeg,1
E:\Code\LibFew-shot\dataset\MSTAR\train\ZSU_23_4\1357.jpeg,4
E:\Code\LibFew-shot\dataset\MSTAR\train\BMP2(SN_9566)\161.jpeg,0
E:\Code\LibFew-shot\dataset\MSTAR\train\T62\604.jpeg,2
E:\Code\LibFew-shot\dataset\MSTAR\train\BMP2(SN_9566)\179.jpeg,0
E:\Code\LibFew-shot\dataset\MSTAR\train\ZSU_23_4\1098.jpeg,4
E:\Code\LibFew-shot\dataset\MSTAR\train\BTR_60\412.jpeg,1
E:\Code\LibFew-shot\dataset\MSTAR\train\T62\708.jpeg,2
E:\Code\LibFew-shot\dataset\MSTAR\train\T62\556.jpeg,2
E:\Code\LibFew-shot\dataset\MSTAR\train\T62\640.jpeg,2
E:\Code\LibFew-shot\dataset\MSTAR\train\T62\719.jpeg,2
E:\Code\LibFew-shot\dataset\MSTAR\train\T62\639.jpeg,2
E:\Code\LibFew-shot\dataset\MSTAR\train\BMP2(SN_9566)\175.jpeg,0
E:\Code\LibFew-shot\dataset\MSTAR\train\BMP2(SN_9566)\201.jpeg,0
E:\Code\LibFew-shot\dataset\MSTAR\train\ZSU_23_4\1200.jpeg,4
E:\Code\LibFew-shot\dataset\MSTAR\train\ZIL131\863.jpeg,3
E:\Code\LibFew-shot\dataset\MSTAR\train\ZIL131\1053.jpeg,3
E:\Code\LibFew-shot\dataset\MSTAR\train\ZIL131\936.jpeg,3
E:\Code\LibFew-shot\dataset\MSTAR\train\BMP2(SN_9566)\191.jpeg,0
E:\Code\LibFew-shot\dataset\MSTAR\train\BTR_60\399.jpeg,1
E:\Code\LibFew-shot\dataset\MSTAR\train\BMP2(SN_9566)\129.jpeg,0
E:\Code\LibFew-shot\dataset\MSTAR\train\BTR_60\330.jpeg,1
E:\Code\LibFew-shot\dataset\MSTAR\train\BTR_60\338.jpeg,1
E:\Code\LibFew-shot\dataset\MSTAR\train\ZSU_23_4\1245.jpeg,4
E:\Code\LibFew-shot\dataset\MSTAR\train\BMP2(SN_9566)\9.jpeg,0
E:\Code\LibFew-shot\dataset\MSTAR\train\BMP2(SN_9566)\102.jpeg,0
E:\Code\LibFew-shot\dataset\MSTAR\train\ZSU_23_4\1157.jpeg,4
E:\Code\LibFew-shot\dataset\MSTAR\train\ZSU_23_4\1328.jpeg,4
E:\Code\LibFew-shot\dataset\MSTAR\train\BMP2(SN_9566)\124.jpeg,0
E:\Code\LibFew-shot\dataset\MSTAR\train\T62\693.jpeg,2
E:\Code\LibFew-shot\dataset\MSTAR\train\BTR_60\262.jpeg,1
E:\Code\LibFew-shot\dataset\MSTAR\train\ZSU_23_4\1322.jpeg,4
E:\Code\LibFew-shot\dataset\MSTAR\train\ZSU_23_4\1244.jpeg,4
E:\Code\LibFew-shot\dataset\MSTAR\train\BTR_60\388.jpeg,1
E:\Code\LibFew-shot\dataset\MSTAR\train\BTR_60\290.jpeg,1
E:\Code\LibFew-shot\dataset\MSTAR\train\ZIL131\940.jpeg,3
E:\Code\LibFew-shot\dataset\MSTAR\train\ZSU_23_4\1126.jpeg,4
E:\Code\LibFew-shot\dataset\MSTAR\train\BMP2(SN_9566)\43.jpeg,0
E:\Code\LibFew-shot\dataset\MSTAR\train\ZSU_23_4\1263.jpeg,4
E:\Code\LibFew-shot\dataset\MSTAR\train\BTR_60\236.jpeg,1
E:\Code\LibFew-shot\dataset\MSTAR\train\BTR_60\423.jpeg,1
E:\Code\LibFew-shot\dataset\MSTAR\train\BMP2(SN_9566)\91.jpeg,0
E:\Code\LibFew-shot\dataset\MSTAR\train\T62\663.jpeg,2
E:\Code\LibFew-shot\dataset\MSTAR\train\ZIL131\959.jpeg,3
E:\Code\LibFew-shot\dataset\MSTAR\train\BTR_60\414.jpeg,1
E:\Code\LibFew-shot\dataset\MSTAR\train\ZSU_23_4\1371.jpeg,4
E:\Code\LibFew-shot\dataset\MSTAR\train\ZSU_23_4\1151.jpeg,4
E:\Code\LibFew-shot\dataset\MSTAR\train\T62\603.jpeg,2
E:\Code\LibFew-shot\dataset\MSTAR\train\ZSU_23_4\1086.jpeg,4
E:\Code\LibFew-shot\dataset\MSTAR\train\BTR_60\296.jpeg,1
E:\Code\LibFew-shot\dataset\MSTAR\train\BMP2(SN_9566)\85.jpeg,0
E:\Code\LibFew-shot\dataset\MSTAR\train\BMP2(SN_9566)\0.jpeg,0
E:\Code\LibFew-shot\dataset\MSTAR\train\BMP2(SN_9566)\199.jpeg,0
E:\Code\LibFew-shot\dataset\MSTAR\train\ZIL131\791.jpeg,3
E:\Code\LibFew-shot\dataset\MSTAR\train\BTR_60\332.jpeg,1
E:\Code\LibFew-shot\dataset\MSTAR\train\ZIL131\891.jpeg,3
E:\Code\LibFew-shot\dataset\MSTAR\train\ZSU_23_4\1291.jpeg,4
E:\Code\LibFew-shot\dataset\MSTAR\train\BTR_60\335.jpeg,1
E:\Code\LibFew-shot\dataset\MSTAR\train\ZSU_23_4\1258.jpeg,4
E:\Code\LibFew-shot\dataset\MSTAR\train\ZIL131\870.jpeg,3
E:\Code\LibFew-shot\dataset\MSTAR\train\ZSU_23_4\1381.jpeg,4
E:\Code\LibFew-shot\dataset\MSTAR\train\BMP2(SN_9566)\35.jpeg,0
E:\Code\LibFew-shot\dataset\MSTAR\train\ZIL131\977.jpeg,3
E:\Code\LibFew-shot\dataset\MSTAR\train\BTR_60\239.jpeg,1
E:\Code\LibFew-shot\dataset\MSTAR\train\ZIL131\1002.jpeg,3
E:\Code\LibFew-shot\dataset\MSTAR\train\BMP2(SN_9566)\168.jpeg,0
E:\Code\LibFew-shot\dataset\MSTAR\train\T62\634.jpeg,2
E:\Code\LibFew-shot\dataset\MSTAR\train\T62\725.jpeg,2
E:\Code\LibFew-shot\dataset\MSTAR\train\ZIL131\988.jpeg,3
E:\Code\LibFew-shot\dataset\MSTAR\train\T62\677.jpeg,2
E:\Code\LibFew-shot\dataset\MSTAR\train\BTR_60\246.jpeg,1
E:\Code\LibFew-shot\dataset\MSTAR\train\BTR_60\421.jpeg,1
E:\Code\LibFew-shot\dataset\MSTAR\train\T62\710.jpeg,2
E:\Code\LibFew-shot\dataset\MSTAR\train\ZSU_23_4\1183.jpeg,4
E:\Code\LibFew-shot\dataset\MSTAR\train\BMP2(SN_9566)\154.jpeg,0
E:\Code\LibFew-shot\dataset\MSTAR\train\BTR_60\268.jpeg,1
E:\Code\LibFew-shot\dataset\MSTAR\train\BMP2(SN_9566)\107.jpeg,0
E:\Code\LibFew-shot\dataset\MSTAR\train\T62\609.jpeg,2
E:\Code\LibFew-shot\dataset\MSTAR\train\BTR_60\444.jpeg,1
E:\Code\LibFew-shot\dataset\MSTAR\train\ZSU_23_4\1170.jpeg,4
E:\Code\LibFew-shot\dataset\MSTAR\train\ZIL131\943.jpeg,3
E:\Code\LibFew-shot\dataset\MSTAR\train\BMP2(SN_9566)\38.jpeg,0
E:\Code\LibFew-shot\dataset\MSTAR\train\ZIL131\1058.jpeg,3
E:\Code\LibFew-shot\dataset\MSTAR\train\ZIL131\1072.jpeg,3
E:\Code\LibFew-shot\dataset\MSTAR\train\T62\636.jpeg,2
E:\Code\LibFew-shot\dataset\MSTAR\train\ZIL131\981.jpeg,3
E:\Code\LibFew-shot\dataset\MSTAR\train\T62\637.jpeg,2
E:\Code\LibFew-shot\dataset\MSTAR\train\T62\736.jpeg,2
E:\Code\LibFew-shot\dataset\MSTAR\train\T62\496.jpeg,2
E:\Code\LibFew-shot\dataset\MSTAR\train\T62\567.jpeg,2
E:\Code\LibFew-shot\dataset\MSTAR\train\T62\503.jpeg,2
E:\Code\LibFew-shot\dataset\MSTAR\train\BTR_60\243.jpeg,1
E:\Code\LibFew-shot\dataset\MSTAR\train\ZSU_23_4\1280.jpeg,4
E:\Code\LibFew-shot\dataset\MSTAR\train\T62\776.jpeg,2
E:\Code\LibFew-shot\dataset\MSTAR\train\ZIL131\1015.jpeg,3
E:\Code\LibFew-shot\dataset\MSTAR\train\BTR_60\327.jpeg,1
E:\Code\LibFew-shot\dataset\MSTAR\train\BMP2(SN_9566)\163.jpeg,0
E:\Code\LibFew-shot\dataset\MSTAR\train\T62\694.jpeg,2
E:\Code\LibFew-shot\dataset\MSTAR\train\ZIL131\973.jpeg,3
E:\Code\LibFew-shot\dataset\MSTAR\train\BMP2(SN_9566)\167.jpeg,0
E:\Code\LibFew-shot\dataset\MSTAR\train\T62\507.jpeg,2
E:\Code\LibFew-shot\dataset\MSTAR\train\ZIL131\1070.jpeg,3
E:\Code\LibFew-shot\dataset\MSTAR\train\BTR_60\349.jpeg,1
E:\Code\LibFew-shot\dataset\MSTAR\train\BTR_60\422.jpeg,1
E:\Code\LibFew-shot\dataset\MSTAR\train\ZSU_23_4\1366.jpeg,4
E:\Code\LibFew-shot\dataset\MSTAR\train\BMP2(SN_9566)\75.jpeg,0
E:\Code\LibFew-shot\dataset\MSTAR\train\BMP2(SN_9566)\95.jpeg,0
E:\Code\LibFew-shot\dataset\MSTAR\train\ZIL131\884.jpeg,3
E:\Code\LibFew-shot\dataset\MSTAR\train\BTR_60\238.jpeg,1
E:\Code\LibFew-shot\dataset\MSTAR\train\BTR_60\479.jpeg,1
E:\Code\LibFew-shot\dataset\MSTAR\train\ZSU_23_4\1228.jpeg,4
E:\Code\LibFew-shot\dataset\MSTAR\train\T62\533.jpeg,2
E:\Code\LibFew-shot\dataset\MSTAR\train\BMP2(SN_9566)\123.jpeg,0
E:\Code\LibFew-shot\dataset\MSTAR\train\ZIL131\1027.jpeg,3
E:\Code\LibFew-shot\dataset\MSTAR\train\T62\733.jpeg,2
E:\Code\LibFew-shot\dataset\MSTAR\train\ZSU_23_4\1226.jpeg,4
E:\Code\LibFew-shot\dataset\MSTAR\train\BTR_60\481.jpeg,1
E:\Code\LibFew-shot\dataset\MSTAR\train\T62\689.jpeg,2
E:\Code\LibFew-shot\dataset\MSTAR\train\ZSU_23_4\1104.jpeg,4
E:\Code\LibFew-shot\dataset\MSTAR\train\BMP2(SN_9566)\21.jpeg,0
E:\Code\LibFew-shot\dataset\MSTAR\train\ZIL131\1079.jpeg,3
E:\Code\LibFew-shot\dataset\MSTAR\train\BTR_60\346.jpeg,1
E:\Code\LibFew-shot\dataset\MSTAR\train\BTR_60\359.jpeg,1
E:\Code\LibFew-shot\dataset\MSTAR\train\T62\692.jpeg,2
E:\Code\LibFew-shot\dataset\MSTAR\train\ZIL131\1024.jpeg,3
E:\Code\LibFew-shot\dataset\MSTAR\train\ZSU_23_4\1128.jpeg,4
E:\Code\LibFew-shot\dataset\MSTAR\train\ZSU_23_4\1140.jpeg,4
E:\Code\LibFew-shot\dataset\MSTAR\train\BMP2(SN_9566)\114.jpeg,0
E:\Code\LibFew-shot\dataset\MSTAR\train\T62\566.jpeg,2
E:\Code\LibFew-shot\dataset\MSTAR\train\ZIL131\982.jpeg,3
E:\Code\LibFew-shot\dataset\MSTAR\train\T62\575.jpeg,2
E:\Code\LibFew-shot\dataset\MSTAR\train\T62\684.jpeg,2
E:\Code\LibFew-shot\dataset\MSTAR\train\ZIL131\803.jpeg,3
E:\Code\LibFew-shot\dataset\MSTAR\train\BTR_60\347.jpeg,1
E:\Code\LibFew-shot\dataset\MSTAR\train\BTR_60\323.jpeg,1
E:\Code\LibFew-shot\dataset\MSTAR\train\ZSU_23_4\1149.jpeg,4
E:\Code\LibFew-shot\dataset\MSTAR\train\ZSU_23_4\1261.jpeg,4
E:\Code\LibFew-shot\dataset\MSTAR\train\ZIL131\980.jpeg,3
E:\Code\LibFew-shot\dataset\MSTAR\train\ZIL131\957.jpeg,3
E:\Code\LibFew-shot\dataset\MSTAR\train\T62\624.jpeg,2
E:\Code\LibFew-shot\dataset\MSTAR\train\ZIL131\1013.jpeg,3
E:\Code\LibFew-shot\dataset\MSTAR\train\BMP2(SN_9566)\40.jpeg,0
E:\Code\LibFew-shot\dataset\MSTAR\train\BTR_60\379.jpeg,1
E:\Code\LibFew-shot\dataset\MSTAR\train\T62\601.jpeg,2
E:\Code\LibFew-shot\dataset\MSTAR\train\ZSU_23_4\1137.jpeg,4
E:\Code\LibFew-shot\dataset\MSTAR\train\BTR_60\432.jpeg,1
E:\Code\LibFew-shot\dataset\MSTAR\train\BTR_60\303.jpeg,1
E:\Code\LibFew-shot\dataset\MSTAR\train\BMP2(SN_9566)\158.jpeg,0
E:\Code\LibFew-shot\dataset\MSTAR\train\ZIL131\1057.jpeg,3
E:\Code\LibFew-shot\dataset\MSTAR\train\ZSU_23_4\1213.jpeg,4
E:\Code\LibFew-shot\dataset\MSTAR\train\ZSU_23_4\1212.jpeg,4
E:\Code\LibFew-shot\dataset\MSTAR\train\ZIL131\822.jpeg,3
E:\Code\LibFew-shot\dataset\MSTAR\train\BMP2(SN_9566)\29.jpeg,0
E:\Code\LibFew-shot\dataset\MSTAR\train\BTR_60\434.jpeg,1
E:\Code\LibFew-shot\dataset\MSTAR\train\ZIL131\883.jpeg,3
E:\Code\LibFew-shot\dataset\MSTAR\train\ZIL131\1062.jpeg,3
E:\Code\LibFew-shot\dataset\MSTAR\train\T62\676.jpeg,2
E:\Code\LibFew-shot\dataset\MSTAR\train\ZSU_23_4\1333.jpeg,4
E:\Code\LibFew-shot\dataset\MSTAR\train\ZIL131\865.jpeg,3
E:\Code\LibFew-shot\dataset\MSTAR\train\ZSU_23_4\1198.jpeg,4
E:\Code\LibFew-shot\dataset\MSTAR\train\BTR_60\373.jpeg,1
E:\Code\LibFew-shot\dataset\MSTAR\train\BTR_60\462.jpeg,1
E:\Code\LibFew-shot\dataset\MSTAR\train\ZSU_23_4\1293.jpeg,4
E:\Code\LibFew-shot\dataset\MSTAR\train\ZIL131\1049.jpeg,3
E:\Code\LibFew-shot\dataset\MSTAR\train\ZSU_23_4\1154.jpeg,4
E:\Code\LibFew-shot\dataset\MSTAR\train\T62\706.jpeg,2
E:\Code\LibFew-shot\dataset\MSTAR\train\T62\630.jpeg,2
E:\Code\LibFew-shot\dataset\MSTAR\train\ZIL131\853.jpeg,3
E:\Code\LibFew-shot\dataset\MSTAR\train\ZSU_23_4\1265.jpeg,4
E:\Code\LibFew-shot\dataset\MSTAR\train\T62\669.jpeg,2
E:\Code\LibFew-shot\dataset\MSTAR\train\T62\527.jpeg,2
E:\Code\LibFew-shot\dataset\MSTAR\train\BTR_60\375.jpeg,1
E:\Code\LibFew-shot\dataset\MSTAR\train\BTR_60\287.jpeg,1
E:\Code\LibFew-shot\dataset\MSTAR\train\ZSU_23_4\1250.jpeg,4
E:\Code\LibFew-shot\dataset\MSTAR\train\BTR_60\345.jpeg,1
E:\Code\LibFew-shot\dataset\MSTAR\train\T62\732.jpeg,2
E:\Code\LibFew-shot\dataset\MSTAR\train\ZSU_23_4\1248.jpeg,4
E:\Code\LibFew-shot\dataset\MSTAR\train\ZIL131\841.jpeg,3
E:\Code\LibFew-shot\dataset\MSTAR\train\BTR_60\460.jpeg,1
E:\Code\LibFew-shot\dataset\MSTAR\train\ZSU_23_4\1287.jpeg,4
E:\Code\LibFew-shot\dataset\MSTAR\train\BTR_60\264.jpeg,1
E:\Code\LibFew-shot\dataset\MSTAR\train\T62\627.jpeg,2
E:\Code\LibFew-shot\dataset\MSTAR\train\ZIL131\1022.jpeg,3
E:\Code\LibFew-shot\dataset\MSTAR\train\ZSU_23_4\1113.jpeg,4
E:\Code\LibFew-shot\dataset\MSTAR\train\ZSU_23_4\1125.jpeg,4
E:\Code\LibFew-shot\dataset\MSTAR\train\ZIL131\850.jpeg,3
E:\Code\LibFew-shot\dataset\MSTAR\train\ZSU_23_4\1336.jpeg,4
E:\Code\LibFew-shot\dataset\MSTAR\train\ZIL131\975.jpeg,3
E:\Code\LibFew-shot\dataset\MSTAR\train\ZIL131\953.jpeg,3
E:\Code\LibFew-shot\dataset\MSTAR\train\ZIL131\896.jpeg,3
E:\Code\LibFew-shot\dataset\MSTAR\train\ZSU_23_4\1286.jpeg,4
E:\Code\LibFew-shot\dataset\MSTAR\train\ZIL131\828.jpeg,3
E:\Code\LibFew-shot\dataset\MSTAR\train\T62\766.jpeg,2
E:\Code\LibFew-shot\dataset\MSTAR\train\ZIL131\849.jpeg,3
E:\Code\LibFew-shot\dataset\MSTAR\train\BTR_60\478.jpeg,1
E:\Code\LibFew-shot\dataset\MSTAR\train\BMP2(SN_9566)\152.jpeg,0
E:\Code\LibFew-shot\dataset\MSTAR\train\T62\785.jpeg,2
E:\Code\LibFew-shot\dataset\MSTAR\train\BTR_60\257.jpeg,1
E:\Code\LibFew-shot\dataset\MSTAR\train\ZSU_23_4\1169.jpeg,4
E:\Code\LibFew-shot\dataset\MSTAR\train\ZIL131\877.jpeg,3
E:\Code\LibFew-shot\dataset\MSTAR\train\BMP2(SN_9566)\106.jpeg,0
E:\Code\LibFew-shot\dataset\MSTAR\train\BMP2(SN_9566)\122.jpeg,0
E:\Code\LibFew-shot\dataset\MSTAR\train\T62\493.jpeg,2
E:\Code\LibFew-shot\dataset\MSTAR\train\BTR_60\245.jpeg,1
E:\Code\LibFew-shot\dataset\MSTAR\train\ZSU_23_4\1358.jpeg,4
E:\Code\LibFew-shot\dataset\MSTAR\train\BMP2(SN_9566)\100.jpeg,0
E:\Code\LibFew-shot\dataset\MSTAR\train\BTR_60\283.jpeg,1
E:\Code\LibFew-shot\dataset\MSTAR\train\T62\564.jpeg,2
E:\Code\LibFew-shot\dataset\MSTAR\train\BMP2(SN_9566)\14.jpeg,0
E:\Code\LibFew-shot\dataset\MSTAR\train\BMP2(SN_9566)\86.jpeg,0
E:\Code\LibFew-shot\dataset\MSTAR\train\BMP2(SN_9566)\125.jpeg,0
E:\Code\LibFew-shot\dataset\MSTAR\train\BMP2(SN_9566)\12.jpeg,0
E:\Code\LibFew-shot\dataset\MSTAR\train\ZSU_23_4\1119.jpeg,4
E:\Code\LibFew-shot\dataset\MSTAR\train\ZSU_23_4\1229.jpeg,4
E:\Code\LibFew-shot\dataset\MSTAR\train\BMP2(SN_9566)\77.jpeg,0
E:\Code\LibFew-shot\dataset\MSTAR\train\T62\570.jpeg,2
E:\Code\LibFew-shot\dataset\MSTAR\train\BTR_60\427.jpeg,1
E:\Code\LibFew-shot\dataset\MSTAR\train\BMP2(SN_9566)\63.jpeg,0
E:\Code\LibFew-shot\dataset\MSTAR\train\BMP2(SN_9566)\148.jpeg,0
E:\Code\LibFew-shot\dataset\MSTAR\train\BTR_60\249.jpeg,1
E:\Code\LibFew-shot\dataset\MSTAR\train\BMP2(SN_9566)\218.jpeg,0
E:\Code\LibFew-shot\dataset\MSTAR\train\ZSU_23_4\1338.jpeg,4
E:\Code\LibFew-shot\dataset\MSTAR\train\T62\696.jpeg,2
E:\Code\LibFew-shot\dataset\MSTAR\train\ZSU_23_4\1179.jpeg,4
E:\Code\LibFew-shot\dataset\MSTAR\train\T62\550.jpeg,2
